№,well,oil_start,q_start,p_start,oil_end,q_end,p_end,duration_days_oil,ppd_well,ppd_start,ppd_end,duration_days_ppd,delta_PPD,deltaQpr,CI_none,oil_well
1,1094,2023-07-04,85.0,30.2,2023-08-02,47.0,38.1,30,1021,2023-07-04,2023-09-07,66,-20,-20,10.1,1094
2,1094,2023-09-08,55.0,26.5,2023-09-14,52.0,26.5,7,1021,2023-09-08,2023-09-20,13,2,2,0.0,1094
3,1094,2023-09-21,50.0,26.5,2023-09-27,46.0,26.5,7,1021,2023-09-21,2023-10-08,18,-18,-18,0.4,1094
4,1094,2023-10-09,52.0,26.5,2023-10-15,46.0,26.5,7,1021,2023-10-09,2023-10-21,13,131,131,0.0,1094
5,1094,2023-10-22,51.0,26.5,2023-10-28,49.0,26.5,7,1021,2023-10-22,2023-11-02,12,-160,-160,1.7,1094
6,1094,2023-11-03,48.0,26.5,2023-11-09,49.0,26.5,7,1021,2023-11-03,2023-11-19,17,10,10,0.1,1094
7,1094,2023-11-20,48.0,26.5,2023-11-26,49.0,26.5,7,1021,2023-11-20,2024-01-12,54,215,215,1.1,1094
8,1094,2024-01-13,49.0,26.5,2024-01-19,48.0,26.5,7,1021,2024-01-13,2024-02-02,21,-108,-108,0.6,1094
9,1094,2024-02-03,47.0,26.5,2024-02-09,52.0,26.5,7,1021,2024-02-03,2024-02-21,19,-118,-118,-0.0,1094
10,1094,2024-02-22,49.0,26.5,2024-02-28,47.0,26.5,7,1021,2024-02-22,2024-03-16,24,104,104,0.0,1094
11,1094,2024-03-17,53.0,26.5,2024-03-23,50.0,26.5,7,1021,2024-03-17,2024-05-08,53,-24,-24,0.4,1094
12,1094,2024-05-09,47.0,26.5,2024-05-15,47.0,26.5,7,1021,2024-05-09,2024-06-26,49,-27,-27,-0.0,1094
13,1094,2024-06-27,40.0,26.5,2024-07-03,42.0,26.5,7,1021,2024-06-27,2024-07-26,30,-26,-26,-0.0,1094
14,1094,2024-07-27,51.0,26.5,2024-08-02,44.0,26.5,7,1021,2024-07-27,2024-09-23,59,-19,-19,0.7,1094
15,1094,2024-09-24,40.0,26.5,2024-09-30,37.0,26.5,7,1021,2024-09-24,2024-10-21,28,-4,-4,0.1,1094
16,1094,2024-10-22,37.0,26.5,2024-10-28,37.0,26.5,7,1021,2024-10-22,2024-11-01,11,-9,-9,-0.0,1094
17,1094,2024-11-02,34.0,26.5,2024-11-08,35.0,26.5,7,1021,2024-11-02,2024-11-20,19,159,159,0.8,1094
18,1094,2024-11-21,38.0,26.5,2024-11-27,36.0,26.5,7,1021,2024-11-21,2025-02-01,73,16,16,0.0,1094
19,1094,2025-02-02,42.0,26.5,2025-02-08,43.0,26.5,7,1021,2025-02-02,2025-02-15,14,-155,-155,-0.0,1094
20,1094,2025-02-16,41.0,26.5,2025-02-22,43.0,26.5,7,1021,2025-02-16,2025-05-01,75,-11,-11,-0.0,1094
21,1094,2023-07-04,85.0,30.2,2023-08-02,47.0,38.1,30,1022,2023-07-04,2023-09-03,62,-27,-27,31.0,1094
22,1094,2023-09-04,55.0,26.5,2023-09-10,55.0,26.5,7,1022,2023-09-04,2023-09-20,17,0,0,0.0,1094
23,1094,2023-09-21,50.0,26.5,2023-09-27,46.0,26.5,7,1022,2023-09-21,2023-10-22,32,7,7,0.0,1094
24,1094,2023-10-23,48.0,26.5,2023-10-29,47.0,26.5,7,1022,2023-10-23,2023-11-02,11,3,3,0.0,1094
25,1094,2023-11-03,48.0,26.5,2023-11-09,49.0,26.5,7,1022,2023-11-03,2023-11-19,17,36,36,0.4,1094
26,1094,2023-11-20,48.0,26.5,2023-11-26,49.0,26.5,7,1022,2023-11-20,2024-01-15,57,-79,-79,-0.0,1094
27,1094,2024-01-16,50.0,26.5,2024-01-22,47.0,26.5,7,1022,2024-01-16,2024-02-02,18,110,110,0.0,1094
28,1094,2024-02-03,47.0,26.5,2024-02-09,52.0,26.5,7,1022,2024-02-03,2024-02-21,19,-157,-157,-0.0,1094
29,1094,2024-02-22,49.0,26.5,2024-02-28,47.0,26.5,7,1022,2024-02-22,2024-03-16,24,138,138,0.0,1094
30,1094,2024-03-17,53.0,26.5,2024-03-23,50.0,26.5,7,1022,2024-03-17,2024-05-03,48,-39,-39,1.4,1094
31,1094,2024-05-04,69.0,26.5,2024-05-10,49.0,26.5,7,1022,2024-05-04,2024-05-30,27,-57,-57,13.8,1094
32,1094,2024-05-31,51.0,26.5,2024-06-06,42.0,26.5,7,1022,2024-05-31,2024-06-18,19,-22,-22,2.4,1094
33,1094,2024-06-19,48.0,26.5,2024-06-25,44.0,26.5,7,1022,2024-06-19,2024-07-13,25,319,319,0.0,1094
34,1094,2024-07-14,43.0,26.5,2024-07-20,48.0,26.5,7,1022,2024-07-14,2024-07-26,13,-64,-64,-0.0,1094
35,1094,2024-07-27,51.0,26.5,2024-08-02,44.0,26.5,7,1022,2024-07-27,2024-09-23,59,-68,-68,5.8,1094
36,1094,2024-09-24,40.0,26.5,2024-09-30,37.0,26.5,7,1022,2024-09-24,2024-10-21,28,-20,-20,0.7,1094
37,1094,2024-10-22,37.0,26.5,2024-10-28,37.0,26.5,7,1022,2024-10-22,2024-10-31,10,-45,-45,-0.0,1094
38,1094,2024-11-01,35.0,26.5,2024-11-07,35.0,26.5,7,1022,2024-11-01,2024-11-20,20,-74,-74,-0.0,1094
39,1094,2024-11-21,38.0,26.5,2024-11-27,36.0,26.5,7,1022,2024-11-21,2025-01-01,42,13,13,0.0,1094
40,1094,2025-01-02,40.0,26.5,2025-01-08,39.0,26.5,7,1022,2025-01-02,2025-02-16,46,-103,-103,1.2,1094
41,1094,2025-02-17,40.0,26.5,2025-02-23,44.0,26.5,7,1022,2025-02-17,2025-02-23,7,-8,-8,-0.0,1094
42,1094,2025-02-24,44.0,26.5,2025-03-02,44.0,26.5,7,1022,2025-02-24,2025-04-01,37,13,13,0.0,1094
43,1094,2025-04-02,40.0,26.5,2025-04-08,43.0,26.5,7,1022,2025-04-02,2025-05-01,30,60,60,2.2,1094
44,1094,2023-09-05,54.0,26.5,2023-09-11,55.0,26.5,7,1073,2023-09-05,2023-10-14,40,-9,-9,-0.0,1094
45,1094,2023-10-15,46.0,26.5,2023-10-21,48.0,26.5,7,1073,2023-10-15,2023-10-22,8,-42,-42,-0.0,1094
46,1094,2023-10-23,48.0,26.5,2023-10-29,47.0,26.5,7,1073,2023-10-23,2023-11-10,19,12,12,0.0,1094
47,1094,2023-11-11,50.0,26.5,2023-11-17,48.0,26.5,7,1073,2023-11-11,2023-12-03,23,-15,-15,0.0,1094
48,1094,2023-12-04,50.0,26.5,2023-12-10,48.0,26.5,7,1073,2023-12-04,2024-01-27,55,30,30,0.0,1094
49,1094,2024-01-28,48.0,26.5,2024-02-03,47.0,26.5,7,1073,2024-01-28,2024-02-08,12,-20,-20,0.0,1094
50,1094,2024-02-09,52.0,26.5,2024-02-15,45.0,26.5,7,1073,2024-02-09,2024-03-12,33,-9,-9,0.0,1094
51,1094,2024-03-13,51.0,26.5,2024-03-19,51.0,26.5,7,1073,2024-03-13,2024-03-27,15,20,20,0.0,1094
52,1094,2024-03-28,47.0,26.5,2024-04-03,48.0,26.5,7,1073,2024-03-28,2024-04-05,9,12,12,0.0,1094
53,1094,2024-04-06,51.0,26.5,2024-04-12,49.0,26.5,7,1073,2024-04-06,2024-05-05,30,20,20,0.0,1094
54,1094,2024-05-06,48.0,26.5,2024-05-12,48.0,26.5,7,1073,2024-05-06,2024-06-18,44,36,36,0.0,1094
55,1094,2024-06-19,48.0,26.5,2024-06-25,44.0,26.5,7,1073,2024-06-19,2024-07-02,14,1,1,0.0,1094
56,1094,2024-07-03,42.0,26.5,2024-07-09,44.0,26.5,7,1073,2024-07-03,2024-08-04,33,32,32,0.0,1094
57,1094,2024-08-05,42.0,26.5,2024-08-11,45.0,26.5,7,1073,2024-08-05,2024-08-14,10,5,5,0.0,1094
58,1094,2024-08-15,45.0,26.5,2024-08-21,43.0,26.5,7,1073,2024-08-15,2024-09-23,40,-11,-11,0.0,1094
59,1094,2024-09-24,40.0,26.5,2024-09-30,37.0,26.5,7,1073,2024-09-24,2024-10-03,10,9,9,0.0,1094
60,1094,2024-10-04,38.0,26.5,2024-10-10,38.0,26.5,7,1073,2024-10-04,2024-10-21,18,-41,-41,-0.0,1094
61,1094,2024-10-22,37.0,26.5,2024-10-28,37.0,26.5,7,1073,2024-10-22,2025-05-01,192,-24,-24,-0.0,1094
62,1094,2023-07-12,74.0,26.9,2023-08-10,50.0,28.2,30,1115,2023-07-12,2023-08-20,40,24,24,0.0,1094
63,1094,2023-08-21,57.0,26.5,2023-08-27,56.0,26.5,7,1115,2023-08-21,2023-10-17,58,-61,-61,0.0,1094
64,1094,2023-10-18,49.0,26.5,2023-10-24,48.0,26.5,7,1115,2023-10-18,2024-05-04,200,-17,-17,0.0,1094
65,1094,2024-05-05,46.0,26.5,2024-05-11,47.0,26.5,7,1115,2024-05-05,2024-06-01,28,-35,-35,-0.0,1094
66,1094,2024-06-02,42.0,26.5,2024-06-08,43.0,26.5,7,1115,2024-06-02,2024-08-20,80,46,46,0.0,1094
67,1094,2024-08-21,43.0,26.5,2024-08-27,45.0,26.5,7,1115,2024-08-21,2024-09-11,22,-47,-47,-0.0,1094
68,1094,2024-09-12,40.0,26.5,2024-09-18,41.0,26.5,7,1115,2024-09-12,2024-10-07,26,26,26,0.0,1094
69,1094,2024-10-08,39.0,26.5,2024-10-14,38.0,26.5,7,1115,2024-10-08,2024-10-22,15,-41,-41,0.0,1094
70,1094,2024-10-23,38.0,26.5,2024-10-29,36.0,26.5,7,1115,2024-10-23,2025-04-14,174,15,15,0.0,1094
71,1094,2025-04-15,41.0,26.5,2025-04-21,45.0,26.5,7,1115,2025-04-15,2025-05-01,17,-110,-110,-0.0,1094
72,1158,2023-07-21,96.0,255.5,2023-08-04,105.0,226.4,15,1140,2023-07-21,2023-08-04,15,19,19,4.0,1158
73,1158,2023-08-05,106.0,224.1,2023-08-20,99.0,205.0,16,1140,2023-08-05,2023-08-20,16,-58,-58,29.6,1158
74,1158,2023-08-21,100.0,205.0,2023-09-19,103.0,175.2,30,1140,2023-08-21,2023-10-04,45,89,89,6.2,1158
75,1158,2023-10-05,104.0,163.3,2023-10-15,102.0,160.1,11,1140,2023-10-05,2023-10-15,11,-74,-74,6.9,1158
76,1158,2023-10-16,102.0,160.1,2023-10-22,107.0,160.1,7,1140,2023-10-16,2023-11-06,22,-275,-275,-0.0,1158
77,1158,2023-11-07,107.0,160.1,2023-11-13,106.0,160.1,7,1140,2023-11-07,2023-12-14,38,244,244,0.0,1158
78,1158,2023-12-15,0.0,0.0,2023-12-23,190.0,59.8,9,1140,2023-12-15,2023-12-23,9,-252,-252,0.0,1158
79,1158,2023-12-24,183.0,55.6,2024-01-22,120.0,33.8,30,1140,2023-12-24,2024-04-17,116,220,220,0.0,1158
80,1158,2024-04-18,0.0,0.0,2024-05-17,107.0,58.4,30,1140,2024-04-18,2024-06-01,45,-169,-169,0.0,1158
81,1158,2024-06-02,107.0,47.8,2024-06-24,114.0,34.8,23,1140,2024-06-02,2024-06-24,23,19,19,3.1,1158
82,1158,2024-06-25,111.0,34.6,2024-07-03,112.0,30.6,9,1140,2024-06-25,2024-07-03,9,301,301,7.0,1158
83,1158,2024-07-04,111.0,30.3,2024-07-10,111.0,28.6,7,1140,2024-07-04,2024-08-17,45,-103,-103,4.1,1158
84,1158,2024-08-18,97.0,25.6,2024-08-24,96.0,25.6,7,1140,2024-08-18,2024-09-03,17,22,22,0.0,1158
85,1158,2024-09-04,93.0,26.4,2024-09-10,92.0,26.9,7,1140,2024-09-04,2024-09-11,8,-34,-34,0.8,1158
86,1158,2024-09-12,92.0,27.0,2024-09-18,91.0,27.9,7,1140,2024-09-12,2024-10-10,29,12,12,0.4,1158
87,1158,2024-10-11,86.0,33.2,2024-10-17,85.0,34.9,7,1140,2024-10-11,2024-10-25,15,-109,-109,2.5,1158
88,1158,2024-10-26,82.0,38.0,2024-11-01,78.0,40.0,7,1140,2024-10-26,2025-03-30,156,14,14,1.1,1158
89,1158,2025-03-31,41.0,41.9,2025-04-06,36.0,41.9,7,1140,2025-03-31,2025-05-01,32,-25,-25,1.2,1158
90,1158,2023-07-22,102.0,229.5,2023-08-20,99.0,205.0,30,1174,2023-07-22,2023-10-11,82,83,83,0.0,1158
91,1158,2023-10-12,103.0,160.1,2023-10-18,101.0,160.1,7,1174,2023-10-12,2023-11-05,25,122,122,0.0,1158
92,1158,2023-11-06,107.0,160.1,2023-11-12,107.0,160.1,7,1174,2023-11-06,2023-12-03,28,-192,-192,-0.0,1158
93,1158,2023-12-04,116.0,184.9,2023-12-10,115.0,184.9,7,1174,2023-12-04,2023-12-14,11,-19,-19,0.5,1158
94,1158,2023-12-15,0.0,0.0,2023-12-29,154.0,42.5,15,1174,2023-12-15,2023-12-29,15,-46,-46,0.0,1158
95,1158,2023-12-30,151.0,41.4,2024-01-05,134.0,38.6,7,1174,2023-12-30,2024-01-24,26,46,46,0.0,1158
96,1158,2024-01-25,120.0,33.0,2024-01-31,116.0,32.0,7,1174,2024-01-25,2024-02-03,10,88,88,0.0,1158
97,1158,2024-02-04,114.0,31.2,2024-02-10,106.0,30.8,7,1174,2024-02-04,2024-02-22,19,182,182,0.0,1158
98,1158,2024-02-23,107.0,29.6,2024-02-29,106.0,29.1,7,1174,2024-02-23,2024-04-16,54,-160,-160,10.0,1158
99,1158,2024-04-17,96.0,74.2,2024-05-16,108.0,58.7,30,1174,2024-04-17,2024-08-17,123,5,5,4.2,1158
100,1158,2024-08-18,97.0,25.6,2024-08-24,96.0,25.6,7,1174,2024-08-18,2024-10-26,70,0,0,0.0,1158
101,1158,2024-10-27,82.0,38.3,2024-11-02,78.0,40.6,7,1174,2024-10-27,2025-03-24,149,-10,-10,2.8,1158
102,1158,2025-03-25,47.0,41.9,2025-03-31,41.0,41.9,7,1174,2025-03-25,2025-05-01,38,0,0,0.0,1158
103,1158,2023-07-20,96.0,295.5,2023-08-01,119.0,233.8,13,1176,2023-07-20,2023-08-01,13,-63,-63,308.1,1158
104,1158,2023-08-02,113.0,231.3,2023-08-12,111.0,211.5,11,1176,2023-08-02,2023-08-12,11,-77,-77,75.4,1158
105,1158,2023-08-13,100.0,210.0,2023-09-11,104.0,182.7,30,1176,2023-08-13,2023-09-19,38,-8,-8,17.3,1158
106,1158,2023-09-20,105.0,174.4,2023-10-02,104.0,167.3,13,1176,2023-09-20,2023-10-02,13,179,179,0.0,1158
107,1158,2023-10-03,106.0,165.0,2023-10-14,103.0,160.1,12,1176,2023-10-03,2023-10-14,12,-40,-40,11.6,1158
108,1158,2023-10-15,102.0,160.1,2023-10-21,107.0,160.1,7,1176,2023-10-15,2023-10-25,11,-36,-36,-0.0,1158
109,1158,2023-10-26,80.0,160.1,2023-11-01,109.0,160.1,7,1176,2023-10-26,2023-11-12,18,43,43,23.7,1158
110,1158,2023-11-13,106.0,160.1,2023-11-19,106.0,162.6,7,1176,2023-11-13,2023-11-20,8,56,56,6.7,1158
111,1158,2023-11-21,106.0,164.3,2023-12-20,75.0,188.2,30,1176,2023-11-21,2024-01-01,42,-66,-66,97.3,1158
112,1158,2024-01-02,142.0,39.6,2024-01-08,131.0,37.7,7,1176,2024-01-02,2024-02-01,31,-99,-99,29.7,1158
113,1158,2024-02-02,112.0,31.9,2024-02-08,110.0,30.7,7,1176,2024-02-02,2024-03-01,29,63,63,0.0,1158
114,1158,2024-03-02,105.0,29.0,2024-03-08,102.0,28.8,7,1176,2024-03-02,2024-03-09,8,23,23,0.0,1158
115,1158,2024-03-10,104.0,29.0,2024-03-16,105.0,28.9,7,1176,2024-03-10,2024-03-21,12,254,254,12.1,1158
116,1158,2024-03-22,99.0,28.9,2024-03-28,96.0,29.1,7,1176,2024-03-22,2024-04-14,24,-200,-200,28.5,1158
117,1158,2024-04-15,0.0,0.0,2024-05-14,108.0,61.0,30,1176,2024-04-15,2024-06-27,74,-149,-149,0.0,1158
118,1158,2024-06-28,106.0,36.9,2024-07-09,108.0,28.9,12,1176,2024-06-28,2024-07-09,12,118,118,11.2,1158
119,1158,2024-07-10,111.0,28.6,2024-07-16,102.0,27.3,7,1176,2024-07-10,2024-11-12,126,-34,-34,7.9,1158
120,1158,2024-11-13,0.0,0.0,2024-11-26,76.0,41.9,14,1176,2024-11-13,2024-11-26,14,-60,-60,0.0,1158
121,1158,2024-11-27,69.0,41.9,2024-12-03,70.0,41.9,7,1176,2024-11-27,2025-05-01,156,78,78,1.5,1158
122,1158,2023-07-21,96.0,255.5,2023-08-04,105.0,226.4,15,1218,2023-07-21,2023-08-04,15,299,299,0.0,1158
123,1158,2023-08-05,106.0,224.1,2023-08-22,101.0,200.5,18,1218,2023-08-05,2023-08-22,18,179,179,0.0,1158
124,1158,2023-08-23,101.0,202.9,2023-09-09,103.0,184.4,18,1218,2023-08-23,2023-09-09,18,1,1,0.0,1158
125,1158,2023-09-10,103.0,183.6,2023-09-27,103.0,169.6,18,1218,2023-09-10,2023-09-27,18,136,136,0.0,1158
126,1158,2023-09-28,102.0,169.2,2023-10-27,112.0,160.1,30,1218,2023-09-28,2023-11-05,39,-556,-556,0.0,1158
127,1158,2023-11-06,107.0,160.1,2023-11-12,107.0,160.1,7,1218,2023-11-06,2023-12-29,54,195,195,0.0,1158
128,1158,2023-12-30,151.0,41.4,2024-01-05,134.0,38.6,7,1218,2023-12-30,2024-01-19,21,-33,-33,0.0,1158
129,1158,2024-01-20,123.0,34.2,2024-01-26,118.0,32.7,7,1218,2024-01-20,2024-01-29,10,-44,-44,0.0,1158
130,1158,2024-01-30,116.0,31.8,2024-02-05,113.0,31.1,7,1218,2024-01-30,2024-08-19,203,222,222,0.0,1158
131,1158,2024-08-20,96.0,25.7,2024-08-26,96.0,25.7,7,1218,2024-08-20,2024-09-27,39,-34,-34,-0.0,1158
132,1158,2024-09-28,87.0,29.9,2024-10-04,86.0,31.5,7,1218,2024-09-28,2024-10-18,21,-96,-96,0.0,1158
133,1158,2024-10-19,84.0,35.6,2024-10-25,82.0,37.5,7,1218,2024-10-19,2024-11-11,24,-58,-58,0.0,1158
134,1158,2024-11-12,0.0,0.0,2024-12-08,70.0,41.9,27,1218,2024-11-12,2024-12-08,27,-65,-65,0.0,1158
135,1158,2024-12-09,70.0,41.9,2024-12-15,70.0,41.9,7,1218,2024-12-09,2025-01-02,25,-37,-37,-0.0,1158
136,1158,2025-01-03,72.0,41.9,2025-01-09,70.0,41.9,7,1218,2025-01-03,2025-02-22,51,-38,-38,0.0,1158
137,1158,2025-02-23,63.0,41.9,2025-03-01,59.0,41.9,7,1218,2025-02-23,2025-03-25,31,149,149,0.0,1158
138,1158,2025-03-26,45.0,41.9,2025-04-01,40.0,41.9,7,1218,2025-03-26,2025-04-04,10,1,1,0.0,1158
139,1158,2025-04-05,36.0,41.9,2025-04-11,32.0,41.9,7,1218,2025-04-05,2025-05-01,27,-155,-155,0.0,1158
140,1175,2023-07-21,35.0,17.3,2023-07-27,34.0,17.3,7,1140,2023-07-21,2023-08-04,15,19,19,0.0,1175
141,1175,2023-08-05,39.0,17.3,2023-08-11,34.0,17.3,7,1140,2023-08-05,2023-08-20,16,-58,-58,0.0,1175
142,1175,2023-08-21,33.0,17.3,2023-08-27,32.0,17.3,7,1140,2023-08-21,2023-10-04,45,89,89,0.0,1175
143,1175,2023-10-05,23.0,17.3,2023-10-11,20.0,17.3,7,1140,2023-10-05,2023-10-15,11,-74,-74,0.0,1175
144,1175,2023-10-16,17.0,17.3,2023-10-22,26.0,17.3,7,1140,2023-10-16,2023-11-06,22,-275,-275,-0.0,1175
145,1175,2023-11-07,28.0,17.3,2023-11-13,28.0,17.3,7,1140,2023-11-07,2023-12-14,38,244,244,0.0,1175
146,1175,2023-12-15,33.0,17.3,2023-12-21,33.0,17.3,7,1140,2023-12-15,2023-12-23,9,-252,-252,-0.0,1175
147,1175,2023-12-24,32.0,17.3,2023-12-30,32.0,17.3,7,1140,2023-12-24,2024-04-17,116,220,220,0.0,1175
148,1175,2024-04-18,33.0,17.3,2024-04-24,33.0,17.3,7,1140,2024-04-18,2024-06-01,45,-169,-169,-0.0,1175
149,1175,2024-06-02,25.0,17.3,2024-06-08,23.0,17.3,7,1140,2024-06-02,2024-06-24,23,19,19,0.0,1175
150,1175,2024-06-25,25.0,16.7,2024-07-01,26.0,16.6,7,1140,2024-06-25,2024-07-03,9,301,301,0.0,1175
151,1175,2024-07-04,26.0,16.2,2024-07-10,25.0,15.9,7,1140,2024-07-04,2024-08-17,45,-103,-103,0.0,1175
152,1175,2024-08-18,23.0,17.4,2024-08-24,22.0,16.9,7,1140,2024-08-18,2024-09-03,17,22,22,0.0,1175
153,1175,2024-09-04,26.0,18.0,2024-09-10,24.0,17.0,7,1140,2024-09-04,2024-09-11,8,-34,-34,0.0,1175
154,1175,2024-09-12,24.0,16.9,2024-09-18,25.0,16.9,7,1140,2024-09-12,2024-10-10,29,12,12,0.0,1175
155,1175,2024-10-11,26.0,17.4,2024-10-17,25.0,17.4,7,1140,2024-10-11,2024-10-25,15,-109,-109,0.0,1175
156,1175,2024-10-26,26.0,17.6,2024-11-01,26.0,17.5,7,1140,2024-10-26,2025-03-30,156,14,14,0.0,1175
157,1175,2025-03-31,23.0,40.0,2025-04-29,25.0,24.0,30,1140,2025-03-31,2025-05-01,32,-25,-25,0.0,1175
158,1175,2023-07-22,33.0,17.3,2023-07-28,34.0,17.3,7,1174,2023-07-22,2023-10-11,82,83,83,2.7,1175
159,1175,2023-10-12,19.0,17.3,2023-10-18,16.0,17.3,7,1174,2023-10-12,2023-11-05,25,122,122,0.0,1175
160,1175,2023-11-06,28.0,17.3,2023-11-12,28.0,17.3,7,1174,2023-11-06,2023-12-03,28,-192,-192,-0.0,1175
161,1175,2023-12-04,31.0,17.3,2023-12-10,32.0,17.3,7,1174,2023-12-04,2023-12-14,11,-19,-19,-0.0,1175
162,1175,2023-12-15,33.0,17.3,2023-12-21,33.0,17.3,7,1174,2023-12-15,2023-12-29,15,-46,-46,-0.0,1175
163,1175,2023-12-30,32.0,17.3,2024-01-05,33.0,17.3,7,1174,2023-12-30,2024-01-24,26,46,46,1.5,1175
164,1175,2024-01-25,33.0,17.3,2024-01-31,33.0,17.3,7,1174,2024-01-25,2024-02-03,10,88,88,0.0,1175
165,1175,2024-02-04,34.0,17.3,2024-02-10,34.0,17.3,7,1174,2024-02-04,2024-02-22,19,182,182,0.0,1175
166,1175,2024-02-23,33.0,17.3,2024-02-29,34.0,17.3,7,1174,2024-02-23,2024-04-16,54,-160,-160,-0.0,1175
167,1175,2024-04-17,34.0,17.3,2024-04-23,32.0,17.3,7,1174,2024-04-17,2024-08-17,123,5,5,0.0,1175
168,1175,2024-08-18,23.0,17.4,2024-08-24,22.0,16.9,7,1174,2024-08-18,2024-10-26,70,0,0,0.0,1175
169,1175,2024-10-27,26.0,17.5,2024-11-02,26.0,17.6,7,1174,2024-10-27,2025-03-24,149,-10,-10,-0.0,1175
170,1175,2025-03-25,21.0,44.0,2025-04-23,24.0,29.0,30,1174,2025-03-25,2025-05-01,38,0,0,0.0,1175
171,1175,2023-07-20,42.0,17.3,2023-07-26,33.0,17.3,7,1176,2023-07-20,2023-08-01,13,-63,-63,10.3,1175
172,1175,2023-08-02,33.0,17.3,2023-08-08,35.0,17.3,7,1176,2023-08-02,2023-08-12,11,-77,-77,-0.0,1175
173,1175,2023-08-13,33.0,17.3,2023-08-19,35.0,17.3,7,1176,2023-08-13,2023-09-19,38,-8,-8,-0.0,1175
174,1175,2023-09-20,27.0,17.3,2023-09-26,22.0,17.3,7,1176,2023-09-20,2023-10-02,13,179,179,0.0,1175
175,1175,2023-10-03,25.0,17.3,2023-10-09,24.0,17.3,7,1176,2023-10-03,2023-10-14,12,-40,-40,0.7,1175
176,1175,2023-10-15,19.0,17.3,2023-10-21,26.0,17.3,7,1176,2023-10-15,2023-10-25,11,-36,-36,-0.0,1175
177,1175,2023-10-26,26.0,17.3,2023-11-01,28.0,17.3,7,1176,2023-10-26,2023-11-12,18,43,43,1.6,1175
178,1175,2023-11-13,28.0,17.3,2023-11-19,29.0,17.3,7,1176,2023-11-13,2023-11-20,8,56,56,1.0,1175
179,1175,2023-11-21,30.0,17.3,2023-11-27,31.0,17.3,7,1176,2023-11-21,2024-01-01,42,-66,-66,-0.0,1175
180,1175,2024-01-02,33.0,17.3,2024-01-08,33.0,17.3,7,1176,2024-01-02,2024-02-01,31,-99,-99,-0.0,1175
181,1175,2024-02-02,33.0,17.3,2024-02-08,34.0,17.3,7,1176,2024-02-02,2024-03-01,29,63,63,1.1,1175
182,1175,2024-03-02,33.0,17.3,2024-03-08,32.0,17.3,7,1176,2024-03-02,2024-03-09,8,23,23,0.0,1175
183,1175,2024-03-10,33.0,17.3,2024-03-16,32.0,17.3,7,1176,2024-03-10,2024-03-21,12,254,254,0.0,1175
184,1175,2024-03-22,32.0,17.3,2024-03-28,33.0,17.3,7,1176,2024-03-22,2024-04-14,24,-200,-200,-0.0,1175
185,1175,2024-04-15,34.0,17.3,2024-04-21,32.0,17.3,7,1176,2024-04-15,2024-06-27,74,-149,-149,5.4,1175
186,1175,2024-06-28,26.0,16.5,2024-07-04,26.0,16.2,7,1176,2024-06-28,2024-07-09,12,118,118,0.0,1175
187,1175,2024-07-10,25.0,15.9,2024-07-16,25.0,16.3,7,1176,2024-07-10,2024-11-12,126,-34,-34,-0.0,1175
188,1175,2024-11-13,27.0,17.9,2024-11-19,27.0,18.0,7,1176,2024-11-13,2024-11-26,14,-60,-60,-0.0,1175
189,1175,2024-11-27,31.0,18.0,2024-12-03,26.0,17.7,7,1176,2024-11-27,2025-05-01,156,78,78,0.0,1175
190,1175,2023-07-21,35.0,17.3,2023-07-27,34.0,17.3,7,1218,2023-07-21,2023-08-04,15,299,299,0.0,1175
191,1175,2023-08-05,39.0,17.3,2023-08-11,34.0,17.3,7,1218,2023-08-05,2023-08-22,18,179,179,0.0,1175
192,1175,2023-08-23,33.0,17.3,2023-08-29,32.0,17.3,7,1218,2023-08-23,2023-09-09,18,1,1,0.0,1175
193,1175,2023-09-10,28.0,17.3,2023-09-16,26.0,17.3,7,1218,2023-09-10,2023-09-27,18,136,136,0.0,1175
194,1175,2023-09-28,24.0,17.3,2023-10-04,23.0,17.3,7,1218,2023-09-28,2023-11-05,39,-556,-556,0.0,1175
195,1175,2023-11-06,28.0,17.3,2023-11-12,28.0,17.3,7,1218,2023-11-06,2023-12-29,54,195,195,0.0,1175
196,1175,2023-12-30,32.0,17.3,2024-01-05,33.0,17.3,7,1218,2023-12-30,2024-01-19,21,-33,-33,-0.0,1175
197,1175,2024-01-20,34.0,17.3,2024-01-26,33.0,17.3,7,1218,2024-01-20,2024-01-29,10,-44,-44,0.0,1175
198,1175,2024-01-30,33.0,17.3,2024-02-05,33.0,17.3,7,1218,2024-01-30,2024-08-19,203,222,222,0.0,1175
199,1175,2024-08-20,24.0,17.1,2024-08-26,21.0,17.1,7,1218,2024-08-20,2024-09-27,39,-34,-34,0.0,1175
200,1175,2024-09-28,21.0,17.0,2024-10-04,26.0,17.7,7,1218,2024-09-28,2024-10-18,21,-96,-96,0.0,1175
201,1175,2024-10-19,26.0,17.6,2024-10-25,26.0,17.4,7,1218,2024-10-19,2024-11-11,24,-58,-58,0.0,1175
202,1175,2024-11-12,27.0,17.9,2024-11-18,27.0,18.0,7,1218,2024-11-12,2024-12-08,27,-65,-65,-0.0,1175
203,1175,2024-12-09,27.0,17.9,2024-12-15,25.0,17.5,7,1218,2024-12-09,2025-01-02,25,-37,-37,0.0,1175
204,1175,2025-01-03,26.0,17.1,2025-01-09,25.0,17.5,7,1218,2025-01-03,2025-02-22,51,-38,-38,0.0,1175
205,1175,2025-02-23,25.0,31.0,2025-03-01,25.0,30.0,7,1218,2025-02-23,2025-03-25,31,149,149,0.0,1175
206,1175,2025-03-26,22.0,44.0,2025-04-04,25.0,31.0,10,1218,2025-03-26,2025-04-04,10,1,1,0.0,1175
207,1175,2025-04-05,29.0,24.0,2025-05-01,25.0,23.0,27,1218,2025-04-05,2025-05-01,27,-155,-155,0.0,1175
208,1175,2023-08-04,40.0,17.3,2023-08-10,34.0,17.3,7,1220,2023-08-04,2023-08-14,11,-126,-126,0.0,1175
209,1175,2023-08-15,33.0,17.3,2023-08-21,33.0,17.3,7,1220,2023-08-15,2024-01-10,149,125,125,0.0,1175
210,1175,2024-01-11,33.0,17.3,2024-01-17,33.0,17.3,7,1220,2024-01-11,2024-01-19,9,-101,-101,-0.0,1175
211,1175,2024-01-20,34.0,17.3,2024-01-26,33.0,17.3,7,1220,2024-01-20,2024-02-05,17,311,311,0.0,1175
212,1175,2024-02-06,34.0,17.3,2024-02-12,35.0,17.3,7,1220,2024-02-06,2024-04-07,62,-118,-118,-0.0,1175
213,1175,2024-04-08,31.0,17.3,2024-04-14,32.0,17.3,7,1220,2024-04-08,2024-04-21,14,127,127,0.0,1175
214,1175,2024-04-22,32.0,17.3,2024-04-28,29.0,17.3,7,1220,2024-04-22,2024-06-30,70,-295,-295,0.0,1175
215,1175,2024-07-01,26.0,16.6,2024-07-07,26.0,16.0,7,1220,2024-07-01,2024-08-18,49,211,211,0.0,1175
216,1175,2024-08-19,24.0,17.4,2024-08-25,21.0,16.8,7,1220,2024-08-19,2025-01-13,148,21,21,0.0,1175
217,1175,2025-01-14,25.0,17.2,2025-01-20,24.0,17.2,7,1220,2025-01-14,2025-01-30,17,-221,-221,0.0,1175
218,1175,2025-01-31,24.0,17.2,2025-02-06,23.0,17.3,7,1220,2025-01-31,2025-04-04,64,151,151,0.0,1175
219,1175,2025-04-05,29.0,24.0,2025-04-12,23.0,30.0,8,1220,2025-04-05,2025-04-12,8,-173,-173,0.0,1175
220,1175,2025-04-13,22.0,30.0,2025-04-19,23.0,30.0,7,1220,2025-04-13,2025-05-01,19,-83,-83,-0.0,1175
221,1321,2023-07-09,113.0,130.0,2023-07-15,112.0,130.0,7,1311,2023-07-09,2023-08-21,44,40,40,0.0,1321
222,1321,2023-08-22,113.0,130.0,2023-08-28,112.0,130.0,7,1311,2023-08-22,2023-09-03,13,-45,-45,0.3,1321
223,1321,2023-09-04,112.0,130.0,2023-09-10,112.0,130.0,7,1311,2023-09-04,2023-09-11,8,30,30,0.0,1321
224,1321,2023-09-12,112.0,130.0,2023-09-18,111.0,130.0,7,1311,2023-09-12,2023-11-11,61,-10,-10,0.1,1321
225,1321,2023-11-12,108.0,130.0,2023-11-18,108.0,130.0,7,1311,2023-11-12,2023-12-22,41,45,45,0.0,1321
226,1321,2023-12-23,107.0,130.0,2023-12-29,106.0,130.0,7,1311,2023-12-23,2024-03-13,82,113,113,0.0,1321
227,1321,2024-03-14,0.0,0.0,2024-04-07,172.0,76.4,25,1311,2024-03-14,2024-04-07,25,-100,-100,0.0,1321
228,1321,2024-04-08,173.0,75.6,2024-05-07,158.0,58.9,30,1311,2024-04-08,2024-09-03,149,122,122,0.0,1321
229,1321,2024-09-04,162.0,78.5,2024-10-03,154.0,57.0,30,1311,2024-09-04,2025-03-19,197,128,128,0.0,1321
230,1321,2025-03-20,114.0,32.1,2025-03-26,123.0,31.9,7,1311,2025-03-20,2025-04-21,33,-308,-308,2.0,1321
231,1321,2025-04-22,141.0,31.0,2025-04-28,141.0,30.4,7,1311,2025-04-22,2025-05-01,10,-98,-98,1.1,1321
232,1321,2023-07-02,112.0,130.0,2023-07-08,113.0,130.0,7,1325,2023-07-02,2023-07-17,16,-80,-80,-0.0,1321
233,1321,2023-07-18,111.0,130.0,2023-07-24,111.0,130.0,7,1325,2023-07-18,2023-07-28,11,43,43,0.0,1321
234,1321,2023-07-29,116.0,130.0,2023-08-04,115.0,130.0,7,1325,2023-07-29,2023-08-21,24,56,56,0.0,1321
235,1321,2023-08-22,113.0,130.0,2023-08-28,112.0,130.0,7,1325,2023-08-22,2023-09-03,13,-5,-5,0.0,1321
236,1321,2023-09-04,112.0,130.0,2023-09-10,112.0,130.0,7,1325,2023-09-04,2023-09-28,25,37,37,0.0,1321
237,1321,2023-09-29,111.0,130.0,2023-10-05,111.0,130.0,7,1325,2023-09-29,2024-01-21,115,7,7,0.0,1321
238,1321,2024-01-22,109.0,130.0,2024-01-28,108.0,130.0,7,1325,2024-01-22,2024-03-05,44,194,194,0.0,1321
239,1321,2024-03-06,86.0,130.0,2024-03-12,81.0,130.0,7,1325,2024-03-06,2024-08-08,156,-140,-140,0.0,1321
240,1321,2024-08-09,187.0,67.0,2024-08-15,187.0,68.0,7,1325,2024-08-09,2024-10-08,61,51,51,0.0,1321
241,1321,2024-10-09,150.0,55.0,2024-10-15,150.0,53.1,7,1325,2024-10-09,2025-05-01,205,-232,-232,0.0,1321
242,1321,2023-07-27,117.0,130.0,2023-08-02,115.0,130.0,7,1329,2023-07-27,2023-08-21,26,-84,-84,3.7,1321
243,1321,2023-08-22,113.0,130.0,2023-08-28,112.0,130.0,7,1329,2023-08-22,2023-09-12,22,113,113,0.0,1321
244,1321,2023-09-13,112.0,130.0,2023-09-19,110.0,130.0,7,1329,2023-09-13,2023-11-22,71,-63,-63,2.8,1321
245,1321,2023-11-23,108.0,130.0,2023-11-29,108.0,130.0,7,1329,2023-11-23,2024-03-13,112,-159,-159,-0.0,1321
246,1321,2024-03-14,0.0,0.0,2024-04-12,171.0,72.8,30,1329,2024-03-14,2024-05-04,52,32,32,248.0,1321
247,1321,2024-05-05,167.0,59.9,2024-05-29,163.0,51.8,25,1329,2024-05-05,2024-05-29,25,161,161,0.0,1321
248,1321,2024-05-30,163.0,51.5,2024-06-05,158.0,49.9,7,1329,2024-05-30,2024-12-14,199,-112,-112,22.1,1321
249,1321,2024-12-15,150.0,38.1,2024-12-21,149.0,37.0,7,1329,2024-12-15,2024-12-28,14,-96,-96,7.9,1321
250,1321,2024-12-29,148.0,36.0,2025-01-04,146.0,35.1,7,1329,2024-12-29,2025-01-17,20,94,94,0.0,1321
251,1321,2025-01-18,148.0,33.7,2025-01-24,147.0,33.0,7,1329,2025-01-18,2025-02-21,35,75,75,0.0,1321
252,1321,2025-02-22,143.0,32.0,2025-02-28,142.0,32.0,7,1329,2025-02-22,2025-03-07,14,80,80,0.0,1321
253,1321,2025-03-08,142.0,32.0,2025-03-14,141.0,32.0,7,1329,2025-03-08,2025-03-21,14,-106,-106,2.3,1321
254,1321,2025-03-22,120.0,32.0,2025-03-28,129.0,31.6,7,1329,2025-03-22,2025-04-07,17,74,74,36.6,1321
255,1321,2025-04-08,141.0,31.0,2025-04-14,141.0,31.0,7,1329,2025-04-08,2025-04-16,9,-240,-240,-0.0,1321
256,1321,2025-04-17,141.0,31.0,2025-04-23,141.0,31.0,7,1329,2025-04-17,2025-05-01,15,0,0,0.0,1321
257,1321,2023-07-29,116.0,130.0,2023-08-04,115.0,130.0,7,1344,2023-07-29,2023-08-11,14,0,0,0.0,1321
258,1321,2023-08-12,114.0,130.0,2023-08-18,113.0,130.0,7,1344,2023-08-12,2023-09-04,24,0,0,0.0,1321
259,1321,2023-09-05,112.0,130.0,2023-09-11,112.0,130.0,7,1344,2023-09-05,2023-09-13,9,-2,-2,-0.0,1321
260,1321,2023-09-14,112.0,130.0,2023-09-20,111.0,130.0,7,1344,2023-09-14,2024-06-02,263,-24,-24,0.0,1321
261,1321,2024-06-03,159.0,50.4,2024-06-09,157.0,48.8,7,1344,2024-06-03,2024-10-09,129,-101,-101,0.0,1321
262,1321,2024-10-10,150.0,55.0,2024-10-16,150.0,53.0,7,1344,2024-10-10,2025-03-27,169,-3,-3,0.0,1321
263,1321,2025-03-28,129.0,31.6,2025-04-03,141.0,31.0,7,1344,2025-03-28,2025-05-01,35,215,215,0.0,1321
264,1335,2023-07-09,134.0,30.8,2023-07-15,140.0,29.7,7,1311,2023-07-09,2023-08-21,44,40,40,0.0,1335
265,1335,2023-08-22,136.0,41.8,2023-08-28,137.0,41.8,7,1311,2023-08-22,2023-09-03,13,-45,-45,-0.0,1335
266,1335,2023-09-04,0.0,0.0,2023-09-11,98.0,105.8,8,1311,2023-09-04,2023-09-11,8,30,30,0.0,1335
267,1335,2023-09-12,136.0,90.0,2023-10-11,153.0,35.5,30,1311,2023-09-12,2023-11-11,61,-10,-10,0.0,1335
268,1335,2023-11-12,152.0,31.2,2023-11-18,151.0,31.2,7,1311,2023-11-12,2023-12-22,41,45,45,0.0,1335
269,1335,2023-12-23,145.0,34.3,2023-12-29,146.0,34.4,7,1311,2023-12-23,2024-03-13,82,113,113,0.0,1335
270,1335,2024-03-14,144.0,35.6,2024-03-20,141.0,35.6,7,1311,2024-03-14,2024-04-07,25,-100,-100,0.0,1335
271,1335,2024-04-08,138.0,38.9,2024-04-14,141.0,38.9,7,1311,2024-04-08,2024-09-03,149,122,122,0.0,1335
272,1335,2024-09-04,143.0,34.6,2024-09-10,143.0,34.0,7,1311,2024-09-04,2025-03-19,197,128,128,0.0,1335
273,1335,2025-03-20,143.0,27.7,2025-03-26,144.0,27.7,7,1311,2025-03-20,2025-04-21,33,-308,-308,-0.0,1335
274,1335,2025-04-22,143.0,27.7,2025-04-28,143.0,27.7,7,1311,2025-04-22,2025-05-01,10,-98,-98,-0.0,1335
275,1335,2023-07-02,138.0,32.0,2023-07-08,139.0,30.9,7,1325,2023-07-02,2023-07-17,16,-80,-80,10.2,1335
276,1335,2023-07-18,140.0,29.6,2023-07-24,140.0,29.3,7,1325,2023-07-18,2023-07-28,11,43,43,0.0,1335
277,1335,2023-07-29,140.0,44.4,2023-08-04,138.0,42.9,7,1325,2023-07-29,2023-08-21,24,56,56,0.0,1335
278,1335,2023-08-22,136.0,41.8,2023-08-28,137.0,41.8,7,1325,2023-08-22,2023-09-03,13,-5,-5,-0.0,1335
279,1335,2023-09-04,0.0,0.0,2023-09-28,148.0,42.7,25,1325,2023-09-04,2023-09-28,25,37,37,261.4,1335
280,1335,2023-09-29,150.0,41.8,2023-10-28,152.0,32.4,30,1325,2023-09-29,2024-01-21,115,7,7,1.0,1335
281,1335,2024-01-22,142.0,35.3,2024-01-28,143.0,35.6,7,1325,2024-01-22,2024-03-05,44,194,194,9.4,1335
282,1335,2024-03-06,140.0,35.6,2024-03-12,142.0,35.6,7,1325,2024-03-06,2024-08-08,156,-140,-140,-0.0,1335
283,1335,2024-08-09,144.0,36.2,2024-09-07,150.0,34.3,30,1325,2024-08-09,2024-10-08,61,51,51,21.2,1335
284,1335,2024-10-09,143.0,32.8,2024-10-15,143.0,32.4,7,1325,2024-10-09,2025-05-01,205,-232,-232,6.4,1335
285,1335,2023-07-27,140.0,50.0,2023-08-21,135.0,41.8,26,1329,2023-07-27,2023-08-21,26,-84,-84,1.1,1335
286,1335,2023-08-22,136.0,41.8,2023-08-28,137.0,41.8,7,1329,2023-08-22,2023-09-12,22,113,113,0.1,1335
287,1335,2023-09-13,143.0,80.0,2023-10-12,153.0,35.4,30,1329,2023-09-13,2023-11-22,71,-63,-63,6.2,1335
288,1335,2023-11-23,151.0,30.9,2023-11-29,150.0,31.1,7,1329,2023-11-23,2024-03-13,112,-159,-159,0.2,1335
289,1335,2024-03-14,144.0,35.6,2024-03-20,141.0,35.6,7,1329,2024-03-14,2024-05-04,52,32,32,0.0,1335
290,1335,2024-05-05,145.0,38.9,2024-05-11,144.0,38.9,7,1329,2024-05-05,2024-05-29,25,161,161,0.0,1335
291,1335,2024-05-30,146.0,38.9,2024-06-05,144.0,38.9,7,1329,2024-05-30,2024-12-14,199,-112,-112,0.1,1335
292,1335,2024-12-15,143.0,31.2,2024-12-21,144.0,30.1,7,1329,2024-12-15,2024-12-28,14,-96,-96,0.2,1335
293,1335,2024-12-29,147.0,29.4,2025-01-04,146.0,29.1,7,1329,2024-12-29,2025-01-17,20,94,94,0.0,1335
294,1335,2025-01-18,144.0,29.2,2025-01-24,145.0,28.5,7,1329,2025-01-18,2025-02-21,35,75,75,0.1,1335
295,1335,2025-02-22,146.0,27.8,2025-02-28,145.0,28.5,7,1329,2025-02-22,2025-03-07,14,80,80,0.1,1335
296,1335,2025-03-08,145.0,28.3,2025-03-14,144.0,27.6,7,1329,2025-03-08,2025-03-21,14,-106,-106,0.2,1335
297,1335,2025-03-22,143.0,27.7,2025-03-28,143.0,27.7,7,1329,2025-03-22,2025-04-07,17,74,74,0.0,1335
298,1335,2025-04-08,142.0,27.7,2025-04-14,142.0,27.7,7,1329,2025-04-08,2025-04-16,9,-240,-240,-0.0,1335
299,1335,2025-04-17,141.0,27.7,2025-04-23,143.0,27.7,7,1329,2025-04-17,2025-05-01,15,0,0,0.0,1335
300,1335,2023-07-29,140.0,44.4,2023-08-04,138.0,42.9,7,1344,2023-07-29,2023-08-11,14,0,0,0.0,1335
301,1335,2023-08-12,136.0,41.8,2023-08-18,135.0,41.8,7,1344,2023-08-12,2023-09-04,24,0,0,0.0,1335
302,1335,2023-09-05,0.0,0.0,2023-09-13,143.0,80.0,9,1344,2023-09-05,2023-09-13,9,-2,-2,0.0,1335
303,1335,2023-09-14,149.0,68.5,2023-10-13,153.0,35.2,30,1344,2023-09-14,2024-06-02,263,-24,-24,50.9,1335
304,1335,2024-06-03,144.0,38.9,2024-06-09,144.0,38.9,7,1344,2024-06-03,2024-10-09,129,-101,-101,-0.0,1335
305,1335,2024-10-10,144.0,33.0,2024-10-16,142.0,32.5,7,1344,2024-10-10,2025-03-27,169,-3,-3,0.1,1335
306,1335,2025-03-28,143.0,27.7,2025-04-03,144.0,27.7,7,1344,2025-03-28,2025-05-01,35,215,215,3.3,1335
307,1335,2023-12-23,145.0,34.3,2023-12-29,146.0,34.4,7,1346,2023-12-23,2024-01-11,20,-46,-46,0.0,1335
308,1335,2024-01-12,145.0,35.6,2024-01-18,145.0,35.4,7,1346,2024-01-12,2024-01-22,11,49,49,0.0,1335
309,1335,2024-01-23,142.0,35.2,2024-01-29,145.0,35.6,7,1346,2024-01-23,2024-03-05,43,-56,-56,0.0,1335
310,1335,2024-03-06,140.0,35.6,2024-03-12,142.0,35.6,7,1346,2024-03-06,2024-07-08,125,94,94,0.0,1335
311,1335,2024-07-09,145.0,41.6,2024-08-07,142.0,36.0,30,1346,2024-07-09,2024-09-04,58,64,64,0.0,1335
312,1335,2024-09-05,143.0,34.4,2024-09-11,146.0,34.1,7,1346,2024-09-05,2024-09-12,8,-28,-28,0.0,1335
313,1335,2024-09-13,144.0,34.1,2024-09-19,142.0,33.6,7,1346,2024-09-13,2025-04-17,217,-7,-7,0.0,1335
314,1335,2025-04-18,142.0,27.7,2025-04-24,143.0,27.7,7,1346,2025-04-18,2025-05-01,14,-180,-180,-0.0,1335
315,1430,2023-08-06,24.0,30.4,2023-08-12,24.0,30.4,7,1447,2023-08-06,2023-10-05,61,56,56,0.0,1430
316,1430,2023-10-06,24.0,32.0,2023-10-12,23.0,32.4,7,1447,2023-10-06,2024-06-03,242,-66,-66,0.0,1430
317,1430,2024-06-04,24.0,24.0,2024-06-10,23.0,23.0,7,1447,2024-06-04,2024-10-07,126,10,10,0.0,1430
318,1430,2024-10-08,22.0,32.0,2024-10-14,25.0,34.0,7,1447,2024-10-08,2025-03-06,150,-14,-14,0.0,1430
319,1430,2025-03-07,25.0,30.0,2025-03-13,25.0,30.0,7,1447,2025-03-07,2025-05-01,56,-172,-172,-0.0,1430
320,1430,2023-08-01,24.0,29.9,2023-08-07,24.0,30.2,7,1459,2023-08-01,2023-10-01,62,14,14,0.0,1430
321,1430,2023-10-02,24.0,32.0,2023-10-08,24.0,32.2,7,1459,2023-10-02,2023-11-27,57,-15,-15,-0.0,1430
322,1430,2023-11-28,21.0,37.5,2023-12-04,21.0,38.5,7,1459,2023-11-28,2023-12-05,8,-89,-89,-0.0,1430
323,1430,2023-12-06,21.0,39.4,2024-01-04,28.0,32.9,30,1459,2023-12-06,2024-02-16,73,92,92,0.0,1430
324,1430,2024-02-17,28.0,34.0,2024-03-13,24.0,30.0,26,1459,2024-02-17,2024-03-13,26,-60,-60,0.0,1430
325,1430,2024-03-14,24.0,28.0,2024-03-20,24.0,26.0,7,1459,2024-03-14,2024-04-10,28,61,61,0.0,1430
326,1430,2024-04-11,20.0,33.0,2024-04-17,20.0,34.0,7,1459,2024-04-11,2024-04-25,15,-70,-70,-0.0,1430
327,1430,2024-04-26,17.0,34.0,2024-05-02,20.0,34.0,7,1459,2024-04-26,2024-05-02,7,76,76,0.0,1430
328,1430,2024-05-03,20.0,34.0,2024-05-09,19.0,34.0,7,1459,2024-05-03,2024-05-25,23,-62,-62,0.0,1430
329,1430,2024-05-26,24.0,26.0,2024-06-01,23.0,25.0,7,1459,2024-05-26,2024-06-06,12,95,95,0.0,1430
330,1430,2024-06-07,24.0,24.0,2024-06-13,23.0,23.0,7,1459,2024-06-07,2024-09-13,99,24,24,0.0,1430
331,1430,2024-09-14,20.0,33.0,2024-09-30,22.0,30.0,17,1459,2024-09-14,2024-09-30,17,0,0,0.0,1430
332,1430,2024-10-01,22.0,30.0,2024-10-07,22.0,31.0,7,1459,2024-10-01,2024-12-08,69,-56,-56,-0.0,1430
333,1430,2024-12-09,24.0,33.0,2024-12-15,25.0,33.0,7,1459,2024-12-09,2025-01-02,25,-2,-2,-0.0,1430
334,1430,2025-01-03,25.0,33.0,2025-01-09,24.0,33.0,7,1459,2025-01-03,2025-01-17,15,-79,-79,0.0,1430
335,1430,2025-01-18,25.0,33.0,2025-01-24,24.0,33.0,7,1459,2025-01-18,2025-05-01,104,74,74,0.0,1430
336,1430,2023-07-29,24.0,30.0,2023-08-04,24.0,30.2,7,5508,2023-07-29,2023-08-10,13,-215,-215,-0.0,1430
337,1430,2023-08-11,24.0,30.4,2023-08-17,24.0,30.6,7,5508,2023-08-11,2023-09-17,38,17,17,0.0,1430
338,1430,2023-09-18,24.0,31.3,2023-09-24,24.0,31.6,7,5508,2023-09-18,2023-10-16,29,64,64,0.0,1430
339,1430,2023-10-17,23.0,32.8,2023-10-23,23.0,33.6,7,5508,2023-10-17,2023-10-29,13,-66,-66,-0.0,1430
340,1430,2023-10-30,22.0,34.0,2023-11-05,23.0,34.6,7,5508,2023-10-30,2023-11-20,22,-7,-7,0.0,1430
341,1430,2023-11-21,22.0,35.0,2023-11-27,21.0,36.9,7,5508,2023-11-21,2024-01-13,54,11,11,0.0,1430
342,1430,2024-01-14,29.0,28.6,2024-01-20,28.0,30.0,7,5508,2024-01-14,2024-01-24,11,-1,-1,0.0,1430
343,1430,2024-01-25,28.0,33.0,2024-02-07,28.0,26.0,14,5508,2024-01-25,2024-02-07,14,0,0,0.0,1430
344,1430,2024-02-08,28.0,26.0,2024-03-08,24.0,27.0,30,5508,2024-02-08,2024-03-14,36,18,18,0.0,1430
345,1430,2024-03-15,24.0,29.0,2024-04-02,24.0,33.0,19,5508,2024-03-15,2024-04-02,19,136,136,0.0,1430
346,1430,2024-04-03,18.0,33.0,2024-04-09,18.0,33.0,7,5508,2024-04-03,2024-05-17,45,-136,-136,-0.0,1430
347,1430,2024-05-18,23.0,30.0,2024-06-08,24.0,24.0,22,5508,2024-05-18,2024-06-08,22,32,32,0.0,1430
348,1430,2024-06-09,23.0,23.0,2024-06-15,24.0,23.0,7,5508,2024-06-09,2024-07-14,36,-32,-32,-0.0,1430
349,1430,2024-07-15,21.0,28.0,2024-07-21,21.0,28.0,7,5508,2024-07-15,2024-10-19,97,-8,-8,-0.0,1430
350,1430,2024-10-20,26.0,32.0,2024-10-26,25.0,31.0,7,5508,2024-10-20,2024-11-07,19,35,35,0.0,1430
351,1430,2024-11-08,25.0,33.0,2024-11-14,25.0,33.0,7,5508,2024-11-08,2024-11-25,18,-61,-61,-0.0,1430
352,1430,2024-11-26,25.0,33.0,2024-12-02,25.0,33.0,7,5508,2024-11-26,2024-12-03,8,17,17,0.0,1430
353,1430,2024-12-04,25.0,33.0,2024-12-10,24.0,33.0,7,5508,2024-12-04,2024-12-19,16,-13,-13,0.0,1430
354,1430,2024-12-20,24.0,33.0,2024-12-26,24.0,33.0,7,5508,2024-12-20,2025-01-01,13,18,18,0.0,1430
355,1430,2025-01-02,25.0,33.0,2025-01-08,24.0,33.0,7,5508,2025-01-02,2025-03-21,79,100,100,0.0,1430
356,1430,2025-03-22,26.0,30.0,2025-03-28,25.0,30.0,7,5508,2025-03-22,2025-05-01,41,-156,-156,0.0,1430
357,1446,2023-08-06,10.0,277.0,2023-08-12,12.0,277.0,7,1447,2023-08-06,2023-10-05,61,56,56,0.0,1446
358,1446,2023-10-06,9.0,277.0,2023-10-12,11.0,277.0,7,1447,2023-10-06,2024-06-03,242,-66,-66,-0.0,1446
359,1446,2024-06-04,0.0,0.0,2024-06-10,0.0,0.0,7,1447,2024-06-04,2024-10-07,126,10,10,0.0,1446
360,1446,2024-10-08,59.0,60.1,2024-11-06,52.0,56.9,30,1447,2024-10-08,2025-03-06,150,-14,-14,0.0,1446
361,1446,2025-03-07,51.0,42.7,2025-03-13,51.0,41.6,7,1447,2025-03-07,2025-05-01,56,-172,-172,0.0,1446
362,1446,2023-08-01,12.0,277.0,2023-08-07,13.0,277.0,7,1459,2023-08-01,2023-10-01,62,14,14,0.8,1446
363,1446,2023-10-02,6.0,277.0,2023-10-08,12.0,277.0,7,1459,2023-10-02,2023-11-27,57,-15,-15,-0.0,1446
364,1446,2023-11-28,16.0,277.0,2023-12-04,10.0,277.0,7,1459,2023-11-28,2023-12-05,8,-89,-89,29.0,1446
365,1446,2023-12-06,9.0,277.0,2023-12-12,8.0,277.0,7,1459,2023-12-06,2024-02-16,73,92,92,0.0,1446
366,1446,2024-02-17,0.0,0.0,2024-02-23,0.0,0.0,7,1459,2024-02-17,2024-03-13,26,-60,-60,-0.0,1446
367,1446,2024-03-14,0.0,0.0,2024-03-20,0.0,0.0,7,1459,2024-03-14,2024-04-10,28,61,61,0.0,1446
368,1446,2024-04-11,0.0,0.0,2024-04-17,0.0,0.0,7,1459,2024-04-11,2024-04-25,15,-70,-70,-0.0,1446
369,1446,2024-04-26,0.0,0.0,2024-05-02,0.0,0.0,7,1459,2024-04-26,2024-05-02,7,76,76,0.0,1446
370,1446,2024-05-03,0.0,0.0,2024-05-09,0.0,0.0,7,1459,2024-05-03,2024-05-25,23,-62,-62,-0.0,1446
371,1446,2024-05-26,0.0,0.0,2024-06-01,0.0,0.0,7,1459,2024-05-26,2024-06-06,12,95,95,0.0,1446
372,1446,2024-06-07,0.0,0.0,2024-06-13,0.0,0.0,7,1459,2024-06-07,2024-09-13,99,24,24,0.0,1446
373,1446,2024-09-14,104.0,104.7,2024-09-30,62.0,61.2,17,1459,2024-09-14,2024-09-30,17,0,0,0.0,1446
374,1446,2024-10-01,64.0,58.0,2024-10-30,52.0,58.6,30,1459,2024-10-01,2024-12-08,69,-56,-56,91.1,1446
375,1446,2024-12-09,47.0,55.6,2024-12-15,47.0,56.7,7,1459,2024-12-09,2025-01-02,25,-2,-2,-0.0,1446
376,1446,2025-01-03,50.0,121.8,2025-01-17,75.0,63.0,15,1459,2025-01-03,2025-01-17,15,-79,-79,1049.5,1446
377,1446,2025-01-18,71.0,59.9,2025-02-16,53.0,41.7,30,1459,2025-01-18,2025-05-01,104,74,74,0.0,1446
378,1446,2023-07-29,12.0,277.0,2023-08-04,13.0,277.0,7,5508,2023-07-29,2023-08-10,13,-215,-215,-0.0,1446
379,1446,2023-08-11,12.0,277.0,2023-08-17,11.0,277.0,7,5508,2023-08-11,2023-09-17,38,17,17,0.0,1446
380,1446,2023-09-18,10.0,277.0,2023-09-24,8.0,277.0,7,5508,2023-09-18,2023-10-16,29,64,64,0.0,1446
381,1446,2023-10-17,7.0,277.0,2023-10-23,6.0,277.0,7,5508,2023-10-17,2023-10-29,13,-66,-66,0.0,1446
382,1446,2023-10-30,7.0,277.0,2023-11-05,9.0,277.0,7,5508,2023-10-30,2023-11-20,22,-7,-7,-0.0,1446
383,1446,2023-11-21,6.0,277.0,2023-11-27,7.0,277.0,7,5508,2023-11-21,2024-01-13,54,11,11,0.0,1446
384,1446,2024-01-14,0.0,0.0,2024-01-20,0.0,0.0,7,5508,2024-01-14,2024-01-24,11,-1,-1,-0.0,1446
385,1446,2024-01-25,0.0,0.0,2024-01-31,0.0,0.0,7,5508,2024-01-25,2024-02-07,14,0,0,0.0,1446
386,1446,2024-02-08,0.0,0.0,2024-02-14,0.0,0.0,7,5508,2024-02-08,2024-03-14,36,18,18,0.0,1446
387,1446,2024-03-15,0.0,0.0,2024-03-21,0.0,0.0,7,5508,2024-03-15,2024-04-02,19,136,136,0.0,1446
388,1446,2024-04-03,0.0,0.0,2024-04-09,0.0,0.0,7,5508,2024-04-03,2024-05-17,45,-136,-136,-0.0,1446
389,1446,2024-05-18,0.0,0.0,2024-05-24,0.0,0.0,7,5508,2024-05-18,2024-06-08,22,32,32,0.0,1446
390,1446,2024-06-09,0.0,0.0,2024-06-15,0.0,0.0,7,5508,2024-06-09,2024-07-14,36,-32,-32,-0.0,1446
391,1446,2024-07-15,0.0,0.0,2024-07-21,0.0,0.0,7,5508,2024-07-15,2024-10-19,97,-8,-8,-0.0,1446
392,1446,2024-10-20,54.0,57.7,2024-10-26,51.0,59.3,7,5508,2024-10-20,2024-11-07,19,35,35,0.0,1446
393,1446,2024-11-08,52.0,56.0,2024-11-14,51.0,55.9,7,5508,2024-11-08,2024-11-25,18,-61,-61,0.0,1446
394,1446,2024-11-26,48.0,54.7,2024-12-02,49.0,54.4,7,5508,2024-11-26,2024-12-03,8,17,17,0.0,1446
395,1446,2024-12-04,48.0,54.3,2024-12-10,46.0,56.0,7,5508,2024-12-04,2024-12-19,16,-13,-13,0.0,1446
396,1446,2024-12-20,46.0,57.1,2025-01-01,50.0,119.0,13,5508,2024-12-20,2025-01-01,13,18,18,0.0,1446
397,1446,2025-01-02,50.0,120.4,2025-01-31,50.0,53.8,30,5508,2025-01-02,2025-03-21,79,100,100,0.0,1446
398,1446,2025-03-22,51.0,40.5,2025-03-28,49.0,42.2,7,5508,2025-03-22,2025-05-01,41,-156,-156,0.0,1446
399,1446,2023-07-03,11.0,277.0,2023-07-09,11.0,277.0,7,5517,2023-07-03,2023-09-18,78,144,144,0.0,1446
400,1446,2023-09-19,11.0,277.0,2023-09-25,9.0,277.0,7,5517,2023-09-19,2023-09-27,9,0,0,0.0,1446
401,1446,2023-09-28,8.0,277.0,2023-10-04,7.0,277.0,7,5517,2023-09-28,2023-10-13,16,-3,-3,0.0,1446
402,1446,2023-10-14,6.0,277.0,2023-10-20,8.0,277.0,7,5517,2023-10-14,2023-10-23,10,-82,-82,-0.0,1446
403,1446,2023-10-24,7.0,277.0,2023-10-30,7.0,277.0,7,5517,2023-10-24,2024-02-03,103,97,97,0.0,1446
404,1446,2024-02-04,0.0,0.0,2024-02-10,0.0,0.0,7,5517,2024-02-04,2024-03-14,40,-91,-91,-0.0,1446
405,1446,2024-03-15,0.0,0.0,2024-03-21,0.0,0.0,7,5517,2024-03-15,2024-05-03,50,91,91,0.0,1446
406,1446,2024-05-04,0.0,0.0,2024-05-10,0.0,0.0,7,5517,2024-05-04,2024-06-01,29,17,17,0.0,1446
407,1446,2024-06-02,0.0,0.0,2024-06-08,0.0,0.0,7,5517,2024-06-02,2024-07-23,52,-9,-9,-0.0,1446
408,1446,2024-07-24,0.0,0.0,2024-07-30,0.0,0.0,7,5517,2024-07-24,2024-08-30,38,5,5,0.0,1446
409,1446,2024-08-31,103.0,110.1,2024-09-27,64.0,58.4,28,5517,2024-08-31,2024-09-27,28,-6,-6,0.0,1446
410,1446,2024-09-28,66.0,58.2,2024-10-25,51.0,59.3,28,5517,2024-09-28,2024-10-25,28,2,2,0.0,1446
411,1446,2024-10-26,51.0,59.3,2024-11-01,51.0,58.2,7,5517,2024-10-26,2025-04-05,162,-41,-41,0.0,1446
412,1446,2025-04-06,50.0,43.1,2025-04-12,50.0,43.0,7,5517,2025-04-06,2025-05-01,26,81,81,0.0,1446
413,1994,2023-10-16,95.0,16.9,2023-10-22,93.0,17.3,7,575,2023-10-16,2023-11-01,17,0,0,0.0,1994
414,1994,2023-11-02,93.0,17.5,2023-11-08,95.0,17.5,7,575,2023-11-02,2023-11-17,16,-119,-119,-0.0,1994
415,1994,2023-11-18,90.0,17.3,2023-11-24,92.0,17.1,7,575,2023-11-18,2024-02-18,93,119,119,14.8,1994
416,1994,2024-02-19,0.0,0.0,2024-03-19,69.0,21.3,30,575,2024-02-19,2024-04-11,53,104,104,316.4,1994
417,1994,2024-04-12,71.0,25.8,2024-04-18,72.0,26.6,7,575,2024-04-12,2025-04-04,358,-83,-83,0.0,1994
418,1994,2025-04-05,95.0,23.4,2025-04-11,95.0,23.2,7,575,2025-04-05,2025-05-01,27,54,54,0.0,1994
419,1994,2023-07-06,111.0,21.1,2023-07-12,107.0,20.3,7,577,2023-07-06,2023-09-14,71,102,102,0.0,1994
420,1994,2023-09-15,85.0,16.2,2023-09-21,88.0,16.9,7,577,2023-09-15,2023-11-29,76,-30,-30,0.0,1994
421,1994,2023-11-30,94.0,17.1,2023-12-06,91.0,17.1,7,577,2023-11-30,2024-02-11,74,77,77,0.0,1994
422,1994,2024-02-12,103.0,35.2,2024-03-12,68.0,21.7,30,577,2024-02-12,2024-05-19,98,-60,-60,0.0,1994
423,1994,2024-05-20,82.0,23.1,2024-05-26,83.0,24.3,7,577,2024-05-20,2024-07-08,50,118,118,0.0,1994
424,1994,2024-07-09,83.0,30.2,2024-07-15,85.0,30.2,7,577,2024-07-09,2024-08-28,51,-55,-55,-0.0,1994
425,1994,2024-08-29,92.0,31.1,2024-09-04,93.0,31.4,7,577,2024-08-29,2024-10-13,46,-48,-48,0.0,1994
426,1994,2024-10-14,94.0,27.1,2024-10-20,91.0,26.9,7,577,2024-10-14,2025-04-30,199,-87,-87,0.0,1994
427,1994,2023-10-14,92.0,17.3,2023-10-20,95.0,17.5,7,627,2023-10-14,2023-11-17,35,0,0,0.0,1994
428,1994,2023-11-18,90.0,17.3,2023-11-24,92.0,17.1,7,627,2023-11-18,2024-02-10,85,0,0,0.0,1994
429,1994,2024-02-11,100.0,35.2,2024-03-11,69.0,21.7,30,627,2024-02-11,2024-04-01,51,0,0,0.0,1994
430,1994,2024-04-02,69.0,23.5,2024-04-08,70.0,25.0,7,627,2024-04-02,2024-04-14,13,-88,-88,0.0,1994
431,1994,2024-04-15,71.0,26.1,2024-04-21,72.0,26.3,7,627,2024-04-15,2024-07-21,98,50,50,0.0,1994
432,1994,2024-07-22,84.0,30.6,2024-07-28,84.0,31.1,7,627,2024-07-22,2024-08-29,39,18,18,0.0,1994
433,1994,2024-08-30,92.0,31.1,2024-09-05,91.0,31.3,7,627,2024-08-30,2025-01-15,139,-17,-17,0.0,1994
434,1994,2025-01-16,95.0,24.4,2025-01-22,95.0,24.0,7,627,2025-01-16,2025-01-23,8,20,20,0.0,1994
435,1994,2025-01-24,95.0,23.8,2025-01-30,95.0,23.5,7,627,2025-01-24,2025-02-27,35,38,38,0.0,1994
436,1994,2025-02-28,95.0,23.0,2025-03-06,95.0,23.1,7,627,2025-02-28,2025-03-10,11,-70,-70,-0.0,1994
437,1994,2025-03-11,95.0,23.1,2025-03-17,95.0,22.0,7,627,2025-03-11,2025-05-01,52,43,43,0.0,1994
438,1994,2024-02-11,100.0,35.2,2024-03-01,76.0,19.9,20,629,2024-02-11,2024-03-01,20,-185,-185,396.2,1994
439,1994,2024-03-02,74.0,21.9,2024-03-08,69.0,21.5,7,629,2024-03-02,2024-06-26,117,177,177,0.0,1994
440,1994,2024-06-27,84.0,29.5,2024-07-03,85.0,29.9,7,629,2024-06-27,2024-07-21,25,-46,-46,0.0,1994
441,1994,2024-07-22,84.0,30.6,2024-07-28,84.0,31.1,7,629,2024-07-22,2024-09-07,48,49,49,2.1,1994
442,1994,2024-09-08,94.0,30.6,2024-09-14,96.0,29.0,7,629,2024-09-08,2024-10-05,28,207,207,35.6,1994
443,1994,2024-10-06,95.0,24.3,2024-10-26,92.0,26.3,21,629,2024-10-06,2024-10-26,21,0,0,0.0,1994
444,1994,2024-10-27,93.0,26.5,2024-11-02,91.0,25.5,7,629,2024-10-27,2024-12-18,53,-383,-383,59.3,1994
445,1994,2024-12-19,95.0,28.0,2024-12-25,95.0,28.0,7,629,2024-12-19,2025-04-01,104,40,40,0.0,1994
446,1994,2025-04-02,95.0,23.3,2025-04-08,95.0,23.4,7,629,2025-04-02,2025-04-23,22,-36,-36,-0.0,1994
447,1994,2023-09-14,87.0,17.1,2023-09-20,88.0,16.4,7,631,2023-09-14,2023-11-22,70,-92,-92,0.6,1994
448,1994,2023-11-23,92.0,17.5,2023-11-29,93.0,17.3,7,631,2023-11-23,2023-11-29,7,-131,-131,0.2,1994
449,1994,2023-11-30,94.0,17.1,2023-12-06,91.0,17.1,7,631,2023-11-30,2024-02-11,74,-60,-60,0.4,1994
450,1994,2024-02-12,103.0,35.2,2024-03-12,68.0,21.7,30,631,2024-02-12,2024-05-20,99,-55,-55,8.1,1994
451,1994,2024-05-21,83.0,23.2,2024-05-27,85.0,24.4,7,631,2024-05-21,2024-06-12,23,176,176,1.9,1994
452,1994,2024-06-13,85.0,26.8,2024-06-19,85.0,28.2,7,631,2024-06-13,2024-06-19,7,-211,-211,-0.0,1994
453,1994,2024-06-20,84.0,28.3,2024-06-26,84.0,29.3,7,631,2024-06-20,2024-08-07,49,24,24,0.1,1994
454,1994,2024-08-08,89.0,29.7,2024-08-14,91.0,29.9,7,631,2024-08-08,2024-08-26,19,-1,-1,0.0,1994
455,1994,2024-08-27,94.0,31.0,2024-09-02,92.0,31.3,7,631,2024-08-27,2024-10-13,48,26,26,0.1,1994
456,1994,2024-10-14,94.0,27.1,2024-10-20,91.0,26.9,7,631,2024-10-14,2025-04-30,199,-79,-79,0.6,1994
457,1994,2023-08-09,107.0,17.6,2023-08-15,105.0,16.6,7,688,2023-08-09,2023-10-10,63,12,12,0.0,1994
458,1994,2023-10-11,94.0,16.7,2023-10-17,93.0,17.5,7,688,2023-10-11,2024-01-23,105,183,183,0.0,1994
459,1994,2024-01-24,93.0,35.2,2024-01-30,93.0,35.2,7,688,2024-01-24,2024-03-21,58,-144,-144,-0.0,1994
460,1994,2024-03-22,68.0,21.0,2024-03-28,69.0,22.1,7,688,2024-03-22,2024-04-14,24,-22,-22,0.0,1994
461,1994,2024-04-15,71.0,26.1,2024-04-21,72.0,26.3,7,688,2024-04-15,2024-06-26,73,105,105,0.0,1994
462,1994,2024-06-27,84.0,29.5,2024-07-03,85.0,29.9,7,688,2024-06-27,2024-07-21,25,-38,-38,0.0,1994
463,1994,2024-07-22,84.0,30.6,2024-07-28,84.0,31.1,7,688,2024-07-22,2025-04-29,282,23,23,0.0,1994
464,5505,2023-08-06,38.0,21.5,2023-08-12,38.0,21.4,7,1447,2023-08-06,2023-10-05,61,56,56,0.0,5505
465,5505,2023-10-06,37.0,22.1,2023-10-12,34.0,22.1,7,1447,2023-10-06,2024-06-03,242,-66,-66,0.0,5505
466,5505,2024-06-04,64.0,25.0,2024-07-03,47.0,15.0,30,1447,2024-06-04,2024-10-07,126,10,10,0.0,5505
467,5505,2024-10-08,37.0,32.0,2024-10-14,37.0,33.0,7,1447,2024-10-08,2025-03-06,150,-14,-14,-0.0,5505
468,5505,2025-03-07,36.0,34.0,2025-03-13,38.0,34.0,7,1447,2025-03-07,2025-05-01,56,-172,-172,-0.0,5505
469,5505,2023-08-01,37.0,21.4,2023-08-07,38.0,21.5,7,1459,2023-08-01,2023-10-01,62,14,14,0.4,5505
470,5505,2023-10-02,32.0,21.6,2023-10-08,40.0,22.0,7,1459,2023-10-02,2023-11-27,57,-15,-15,0.0,5505
471,5505,2023-11-28,35.0,23.5,2023-12-04,35.0,23.5,7,1459,2023-11-28,2023-12-05,8,-89,-89,-0.0,5505
472,5505,2023-12-06,36.0,23.5,2023-12-12,34.0,23.5,7,1459,2023-12-06,2024-02-16,73,92,92,0.0,5505
473,5505,2024-02-17,35.0,22.0,2024-02-23,32.0,22.0,7,1459,2024-02-17,2024-03-13,26,-60,-60,4.3,5505
474,5505,2024-03-14,25.0,24.0,2024-03-20,31.0,24.0,7,1459,2024-03-14,2024-04-10,28,61,61,8.8,5505
475,5505,2024-04-11,0.0,0.0,2024-04-17,0.0,0.0,7,1459,2024-04-11,2024-04-25,15,-70,-70,-0.0,5505
476,5505,2024-04-26,0.0,0.0,2024-05-02,0.0,0.0,7,1459,2024-04-26,2024-05-02,7,76,76,0.0,5505
477,5505,2024-05-03,0.0,0.0,2024-05-09,0.0,0.0,7,1459,2024-05-03,2024-05-25,23,-62,-62,-0.0,5505
478,5505,2024-05-26,96.0,34.3,2024-06-06,57.0,25.0,12,1459,2024-05-26,2024-06-06,12,95,95,0.0,5505
479,5505,2024-06-07,56.0,24.0,2024-07-06,36.0,20.0,30,1459,2024-06-07,2024-09-13,99,24,24,0.0,5505
480,5505,2024-09-14,31.0,32.0,2024-09-20,34.0,32.0,7,1459,2024-09-14,2024-09-30,17,0,0,0.0,5505
481,5505,2024-10-01,34.0,32.0,2024-10-07,34.0,32.0,7,1459,2024-10-01,2024-12-08,69,-56,-56,-0.0,5505
482,5505,2024-12-09,30.0,48.0,2024-12-15,34.0,48.0,7,1459,2024-12-09,2025-01-02,25,-2,-2,-0.0,5505
483,5505,2025-01-03,34.0,45.6,2025-01-17,52.0,34.0,15,1459,2025-01-03,2025-01-17,15,-79,-79,91.3,5505
484,5505,2025-01-18,56.0,34.0,2025-01-24,53.0,34.0,7,1459,2025-01-18,2025-05-01,104,74,74,0.0,5505
485,5505,2023-07-29,36.0,21.5,2023-08-04,38.0,21.6,7,5508,2023-07-29,2023-08-10,13,-215,-215,0.0,5505
486,5505,2023-08-11,37.0,21.5,2023-08-17,32.0,21.8,7,5508,2023-08-11,2023-09-17,38,17,17,0.4,5505
487,5505,2023-09-18,33.0,21.4,2023-09-24,34.0,21.4,7,5508,2023-09-18,2023-10-16,29,64,64,1.2,5505
488,5505,2023-10-17,36.0,22.1,2023-10-23,36.0,22.3,7,5508,2023-10-17,2023-10-29,13,-66,-66,-0.0,5505
489,5505,2023-10-30,35.0,22.2,2023-11-05,35.0,22.7,7,5508,2023-10-30,2023-11-20,22,-7,-7,-0.0,5505
490,5505,2023-11-21,36.0,23.3,2023-11-27,35.0,23.5,7,5508,2023-11-21,2024-01-13,54,11,11,0.2,5505
491,5505,2024-01-14,28.0,23.9,2024-01-20,33.0,23.0,7,5508,2024-01-14,2024-01-24,11,-1,-1,0.1,5505
492,5505,2024-01-25,34.0,24.0,2024-01-31,34.0,23.0,7,5508,2024-01-25,2024-02-07,14,0,0,0.0,5505
493,5505,2024-02-08,31.0,22.0,2024-02-14,34.0,22.0,7,5508,2024-02-08,2024-03-14,36,18,18,1.0,5505
494,5505,2024-03-15,22.0,24.0,2024-03-21,31.0,24.0,7,5508,2024-03-15,2024-04-02,19,136,136,23.3,5505
495,5505,2024-04-03,0.0,0.0,2024-04-09,0.0,0.0,7,5508,2024-04-03,2024-05-17,45,-136,-136,-0.0,5505
496,5505,2024-05-18,100.0,88.0,2024-06-08,48.0,28.0,22,5508,2024-05-18,2024-06-08,22,32,32,0.0,5505
497,5505,2024-06-09,46.0,30.0,2024-06-15,49.0,28.0,7,5508,2024-06-09,2024-07-14,36,-32,-32,5.1,5505
498,5505,2024-07-15,34.0,26.0,2024-07-21,32.0,27.0,7,5508,2024-07-15,2024-10-19,97,-8,-8,0.8,5505
499,5505,2024-10-20,34.0,34.0,2024-10-26,35.0,34.0,7,5508,2024-10-20,2024-11-07,19,35,35,0.7,5505
500,5505,2024-11-08,31.0,48.0,2024-11-25,29.0,46.0,18,5508,2024-11-08,2024-11-25,18,-61,-61,8.1,5505
501,5505,2024-11-26,31.0,48.0,2024-12-02,32.0,48.0,7,5508,2024-11-26,2024-12-03,8,17,17,0.3,5505
502,5505,2024-12-04,28.0,48.0,2024-12-10,34.0,48.0,7,5508,2024-12-04,2024-12-19,16,-13,-13,-0.0,5505
503,5505,2024-12-20,37.0,48.0,2024-12-26,36.0,48.0,7,5508,2024-12-20,2025-01-01,13,18,18,0.0,5505
504,5505,2025-01-02,33.0,46.8,2025-01-31,52.0,34.0,30,5508,2025-01-02,2025-03-21,79,100,100,90.4,5505
505,5505,2025-03-22,37.0,34.0,2025-03-28,38.0,34.0,7,5508,2025-03-22,2025-05-01,41,-156,-156,-0.0,5505
506,5505,2023-07-03,35.0,21.8,2023-07-09,35.0,21.9,7,5517,2023-07-03,2023-09-18,78,144,144,0.0,5505
507,5505,2023-09-19,33.0,21.3,2023-09-25,36.0,21.4,7,5517,2023-09-19,2023-09-27,9,0,0,0.0,5505
508,5505,2023-09-28,35.0,21.5,2023-10-04,37.0,21.7,7,5517,2023-09-28,2023-10-13,16,-3,-3,0.0,5505
509,5505,2023-10-14,34.0,22.1,2023-10-20,32.0,22.2,7,5517,2023-10-14,2023-10-23,10,-82,-82,0.0,5505
510,5505,2023-10-24,32.0,22.2,2023-10-30,35.0,22.2,7,5517,2023-10-24,2024-02-03,103,97,97,0.0,5505
511,5505,2024-02-04,35.0,23.0,2024-02-10,33.0,22.0,7,5517,2024-02-04,2024-03-14,40,-91,-91,0.0,5505
512,5505,2024-03-15,22.0,24.0,2024-03-21,31.0,24.0,7,5517,2024-03-15,2024-05-03,50,91,91,0.0,5505
513,5505,2024-05-04,0.0,0.0,2024-05-10,0.0,0.0,7,5517,2024-05-04,2024-06-01,29,17,17,0.0,5505
514,5505,2024-06-02,70.0,25.0,2024-07-01,49.0,17.0,30,5517,2024-06-02,2024-07-23,52,-9,-9,0.0,5505
515,5505,2024-07-24,36.0,27.0,2024-07-30,35.0,28.0,7,5517,2024-07-24,2024-08-30,38,5,5,0.0,5505
516,5505,2024-08-31,35.0,32.0,2024-09-06,34.0,32.0,7,5517,2024-08-31,2024-09-27,28,-6,-6,0.0,5505
517,5505,2024-09-28,37.0,32.0,2024-10-04,35.0,31.0,7,5517,2024-09-28,2024-10-25,28,2,2,0.0,5505
518,5505,2024-10-26,35.0,34.0,2024-11-01,35.0,34.0,7,5517,2024-10-26,2025-04-05,162,-41,-41,-0.0,5505
519,5505,2025-04-06,41.0,34.0,2025-04-12,37.0,34.0,7,5517,2025-04-06,2025-05-01,26,81,81,0.0,5505
520,595,2023-10-15,31.0,233.0,2023-10-21,29.0,233.0,7,625,2023-10-15,2023-10-22,8,131,131,0.0,595
521,595,2023-10-23,29.0,233.0,2023-10-29,29.0,233.0,7,625,2023-10-23,2023-11-16,25,-59,-59,-0.0,595
522,595,2023-11-17,30.0,233.0,2023-11-23,30.0,233.0,7,625,2023-11-17,2024-07-31,258,82,82,0.0,595
523,595,2024-08-01,97.0,151.0,2024-08-30,92.0,119.6,30,625,2024-08-01,2024-11-18,110,21,21,0.0,595
524,595,2024-11-19,91.0,81.5,2024-12-18,71.0,63.6,30,625,2024-11-19,2025-03-10,112,79,79,0.0,595
525,595,2025-03-11,72.0,43.1,2025-03-17,78.0,43.0,7,625,2025-03-11,2025-04-02,23,-18,-18,0.3,595
526,595,2025-04-03,63.0,40.3,2025-04-09,64.0,39.4,7,625,2025-04-03,2025-05-01,29,-74,-74,10.8,595
527,595,2023-10-14,31.0,233.0,2023-10-20,29.0,233.0,7,627,2023-10-14,2023-11-17,35,0,0,0.0,595
528,595,2023-11-18,29.0,233.0,2023-11-24,29.0,233.0,7,627,2023-11-18,2024-02-10,85,0,0,0.0,595
529,595,2024-02-11,26.0,233.0,2024-02-17,29.0,233.0,7,627,2024-02-11,2024-04-01,51,0,0,0.0,595
530,595,2024-04-02,31.0,233.0,2024-04-08,31.0,233.0,7,627,2024-04-02,2024-04-14,13,-88,-88,-0.0,595
531,595,2024-04-15,30.0,233.0,2024-04-21,31.0,233.0,7,627,2024-04-15,2024-07-21,98,50,50,0.0,595
532,595,2024-07-22,95.0,173.0,2024-08-20,97.0,128.2,30,627,2024-07-22,2024-08-29,39,18,18,0.0,595
533,595,2024-08-30,92.0,119.6,2024-09-28,85.0,98.9,30,627,2024-08-30,2025-01-15,139,-17,-17,0.0,595
534,595,2025-01-16,62.0,56.9,2025-01-22,65.0,57.2,7,627,2025-01-16,2025-01-23,8,20,20,0.0,595
535,595,2025-01-24,65.0,56.5,2025-01-30,75.0,58.1,7,627,2025-01-24,2025-02-27,35,38,38,0.0,595
536,595,2025-02-28,67.0,49.3,2025-03-10,73.0,43.5,11,627,2025-02-28,2025-03-10,11,-70,-70,0.0,595
537,595,2025-03-11,72.0,43.1,2025-03-17,78.0,43.0,7,627,2025-03-11,2025-05-01,52,43,43,0.0,595
538,595,2023-08-23,26.0,233.0,2023-08-29,16.0,233.0,7,682,2023-08-23,2023-10-13,52,21,21,0.0,595
539,595,2023-10-14,31.0,233.0,2023-10-20,29.0,233.0,7,682,2023-10-14,2023-10-22,9,-5,-5,0.0,595
540,595,2023-10-23,29.0,233.0,2023-10-29,29.0,233.0,7,682,2023-10-23,2023-11-12,21,0,0,0.0,595
541,595,2023-11-13,36.0,233.0,2023-11-19,30.0,233.0,7,682,2023-11-13,2024-03-15,124,202,202,0.0,595
542,595,2024-03-16,30.0,233.0,2024-03-22,30.0,233.0,7,682,2024-03-16,2024-04-03,19,2,2,0.0,595
543,595,2024-04-04,31.0,233.0,2024-04-10,31.0,233.0,7,682,2024-04-04,2024-04-22,19,-74,-74,-0.0,595
544,595,2024-04-23,0.0,0.0,2024-04-29,0.0,0.0,7,682,2024-04-23,2024-05-24,32,142,142,0.0,595
545,595,2024-05-25,0.0,0.0,2024-05-31,0.0,0.0,7,682,2024-05-25,2024-06-01,8,-151,-151,-0.0,595
546,595,2024-06-02,0.0,0.0,2024-06-08,0.0,0.0,7,682,2024-06-02,2024-06-18,17,47,47,0.0,595
547,595,2024-06-19,0.0,0.0,2024-06-25,0.0,0.0,7,682,2024-06-19,2024-07-02,14,-90,-90,-0.0,595
548,595,2024-07-03,0.0,0.0,2024-07-24,95.0,169.0,22,682,2024-07-03,2024-07-24,22,-3,-3,0.0,595
549,595,2024-07-25,94.0,165.7,2024-08-12,102.0,136.3,19,682,2024-07-25,2024-08-12,19,98,98,0.0,595
550,595,2024-08-13,101.0,135.2,2024-08-19,98.0,129.3,7,682,2024-08-13,2024-08-19,7,61,61,0.0,595
551,595,2024-08-20,97.0,128.2,2024-09-18,92.0,104.8,30,682,2024-08-20,2024-10-16,58,-73,-73,0.0,595
552,595,2024-10-17,80.0,91.8,2024-10-23,80.0,89.8,7,682,2024-10-17,2024-11-04,19,-70,-70,0.0,595
553,595,2024-11-05,77.0,86.7,2024-11-11,74.0,85.0,7,682,2024-11-05,2024-12-13,39,56,56,0.0,595
554,595,2024-12-14,74.0,64.9,2025-01-12,72.0,55.2,30,682,2024-12-14,2025-02-07,56,-48,-48,0.0,595
555,595,2025-02-08,66.0,54.8,2025-02-14,64.0,54.6,7,682,2025-02-08,2025-05-01,83,-157,-157,0.0,595
556,595,2023-08-16,29.0,233.0,2023-08-22,26.0,233.0,7,684,2023-08-16,2023-08-22,7,-1,-1,0.0,595
557,595,2023-08-23,26.0,233.0,2023-08-29,16.0,233.0,7,684,2023-08-23,2023-09-21,30,0,0,0.0,595
558,595,2023-09-22,35.0,233.0,2023-09-28,34.0,233.0,7,684,2023-09-22,2024-03-17,178,-134,-134,0.0,595
559,595,2024-03-18,30.0,233.0,2024-03-24,32.0,233.0,7,684,2024-03-18,2024-04-08,22,10,10,0.0,595
560,595,2024-04-09,29.0,233.0,2024-04-15,30.0,233.0,7,684,2024-04-09,2024-04-26,18,8,8,0.0,595
561,595,2024-04-27,0.0,0.0,2024-05-03,0.0,0.0,7,684,2024-04-27,2024-06-26,61,126,126,0.0,595
562,595,2024-06-27,0.0,0.0,2024-07-03,0.0,0.0,7,684,2024-06-27,2024-07-21,25,-45,-45,-0.0,595
563,595,2024-07-22,95.0,173.0,2024-07-30,96.0,155.6,9,684,2024-07-22,2024-07-30,9,63,63,0.0,595
564,595,2024-07-31,98.0,153.5,2024-08-29,90.0,120.4,30,684,2024-07-31,2024-09-03,35,-34,-34,0.0,595
565,595,2024-09-04,95.0,114.6,2024-10-03,83.0,96.9,30,684,2024-09-04,2024-11-20,78,-17,-17,0.0,595
566,595,2024-11-21,73.0,80.0,2024-12-20,80.0,61.8,30,684,2024-11-21,2025-03-14,114,24,24,0.0,595
567,595,2025-03-15,71.0,43.0,2025-03-21,66.0,41.8,7,684,2025-03-15,2025-04-27,44,-47,-47,0.0,595
568,595,2023-09-09,38.0,233.0,2023-09-15,38.0,233.0,7,685,2023-09-09,2024-02-24,169,-55,-55,-0.0,595
569,595,2024-02-25,30.0,233.0,2024-03-02,28.0,233.0,7,685,2024-02-25,2024-03-16,21,-37,-37,0.0,595
570,595,2024-03-17,31.0,233.0,2024-03-23,31.0,233.0,7,685,2024-03-17,2024-04-08,23,26,26,0.0,595
571,595,2024-04-09,29.0,233.0,2024-04-15,30.0,233.0,7,685,2024-04-09,2024-04-30,22,-97,-97,-0.0,595
572,595,2024-05-01,0.0,0.0,2024-05-07,0.0,0.0,7,685,2024-05-01,2024-05-15,15,59,59,0.0,595
573,595,2024-05-16,0.0,0.0,2024-05-22,0.0,0.0,7,685,2024-05-16,2024-06-09,25,1,1,0.0,595
574,595,2024-06-10,0.0,0.0,2024-06-16,0.0,0.0,7,685,2024-06-10,2024-07-24,45,-28,-28,-0.0,595
575,595,2024-07-25,94.0,165.7,2024-08-23,95.0,125.5,30,685,2024-07-25,2024-12-14,143,62,62,0.0,595
576,595,2024-12-15,77.0,64.4,2025-01-05,71.0,57.7,22,685,2024-12-15,2025-01-05,22,-21,-21,0.0,595
577,595,2025-01-06,70.0,57.7,2025-01-12,72.0,55.2,7,685,2025-01-06,2025-02-07,33,-22,-22,0.0,595
578,595,2025-02-08,66.0,54.8,2025-02-14,64.0,54.6,7,685,2025-02-08,2025-02-16,9,-13,-13,0.0,595
579,595,2025-02-17,64.0,55.3,2025-02-23,58.0,54.9,7,685,2025-02-17,2025-02-23,7,71,71,0.0,595
580,595,2025-02-24,61.0,55.1,2025-03-08,69.0,44.3,13,685,2025-02-24,2025-03-08,13,40,40,0.0,595
581,595,2025-03-09,71.0,44.1,2025-03-15,71.0,43.0,7,685,2025-03-09,2025-04-22,45,-71,-71,0.0,595
582,595,2025-04-23,58.0,41.9,2025-05-01,0.0,0.0,9,685,2025-04-23,2025-05-01,9,-25,-25,0.0,595
583,601,2023-10-16,117.0,136.7,2023-11-01,125.0,127.8,17,575,2023-10-16,2023-11-01,17,0,0,0.0,601
584,601,2023-11-02,118.0,127.4,2023-11-08,120.0,124.5,7,575,2023-11-02,2023-11-17,16,-119,-119,0.0,601
585,601,2023-11-18,127.0,118.9,2023-12-17,122.0,102.9,30,575,2023-11-18,2024-02-18,93,119,119,0.0,601
586,601,2024-02-19,112.0,66.1,2024-02-25,112.0,64.6,7,575,2024-02-19,2024-04-11,53,104,104,0.0,601
587,601,2024-04-12,92.0,52.5,2024-04-18,93.0,51.2,7,575,2024-04-12,2025-04-04,358,-83,-83,0.0,601
588,601,2025-04-05,90.0,31.5,2025-04-11,97.0,30.9,7,575,2025-04-05,2025-05-01,27,54,54,0.0,601
589,601,2023-09-15,132.0,164.7,2023-10-14,128.0,137.7,30,577,2023-09-15,2023-11-29,76,-30,-30,0.0,601
590,601,2023-11-30,126.0,112.4,2023-12-29,124.0,94.3,30,577,2023-11-30,2024-02-11,74,77,77,0.0,601
591,601,2024-02-12,112.0,69.8,2024-02-18,112.0,67.2,7,577,2024-02-12,2024-05-19,98,-60,-60,0.0,601
592,601,2024-05-20,92.0,45.7,2024-05-26,93.0,44.4,7,577,2024-05-20,2024-07-08,50,118,118,0.0,601
593,601,2024-07-09,88.0,41.6,2024-07-15,88.0,41.3,7,577,2024-07-09,2024-08-28,51,-55,-55,0.0,601
594,601,2024-08-29,78.0,45.7,2024-09-27,77.0,39.7,30,577,2024-08-29,2024-10-13,46,-48,-48,0.0,601
595,601,2024-10-14,80.0,59.9,2024-11-12,94.0,92.3,30,577,2024-10-14,2025-04-30,199,-87,-87,0.0,601
596,601,2023-10-14,128.0,137.7,2023-11-12,125.0,122.4,30,627,2023-10-14,2023-11-17,35,0,0,0.0,601
597,601,2023-11-18,127.0,118.9,2023-12-17,122.0,102.9,30,627,2023-11-18,2024-02-10,85,0,0,0.0,601
598,601,2024-02-11,112.0,70.2,2024-02-17,112.0,67.4,7,627,2024-02-11,2024-04-01,51,0,0,0.0,601
599,601,2024-04-02,100.0,54.9,2024-04-08,102.0,53.2,7,627,2024-04-02,2024-04-14,13,-88,-88,0.0,601
600,601,2024-04-15,96.0,51.4,2024-04-21,93.0,51.2,7,627,2024-04-15,2024-07-21,98,50,50,0.0,601
601,601,2024-07-22,88.0,40.6,2024-07-28,87.0,41.1,7,627,2024-07-22,2024-08-29,39,18,18,0.0,601
602,601,2024-08-30,79.0,46.8,2024-09-28,73.0,40.0,30,627,2024-08-30,2025-01-15,139,-17,-17,0.0,601
603,601,2025-01-16,108.0,32.1,2025-01-22,109.0,33.1,7,627,2025-01-16,2025-01-23,8,20,20,0.0,601
604,601,2025-01-24,108.0,33.0,2025-01-30,115.0,32.0,7,627,2025-01-24,2025-02-27,35,38,38,0.0,601
605,601,2025-02-28,88.0,32.9,2025-03-06,85.0,32.2,7,627,2025-02-28,2025-03-10,11,-70,-70,0.0,601
606,601,2025-03-11,83.0,31.9,2025-03-17,91.0,31.8,7,627,2025-03-11,2025-05-01,52,43,43,0.0,601
607,601,2024-02-11,112.0,70.2,2024-02-17,112.0,67.4,7,629,2024-02-11,2024-03-01,20,-185,-185,31.5,601
608,601,2024-03-02,112.0,64.0,2024-03-08,112.0,61.1,7,629,2024-03-02,2024-06-26,117,177,177,0.0,601
609,601,2024-06-27,92.0,41.7,2024-07-03,86.0,41.7,7,629,2024-06-27,2024-07-21,25,-46,-46,6.7,601
610,601,2024-07-22,88.0,40.6,2024-07-28,87.0,41.1,7,629,2024-07-22,2024-09-07,48,49,49,2.5,601
611,601,2024-09-08,0.0,0.0,2024-10-05,72.0,36.3,28,629,2024-09-08,2024-10-05,28,207,207,820.5,601
612,601,2024-10-06,71.0,35.2,2024-10-26,61.0,77.4,21,629,2024-10-06,2024-10-26,21,0,0,0.0,601
613,601,2024-10-27,58.0,76.6,2024-11-25,94.0,56.7,30,629,2024-10-27,2024-12-18,53,-383,-383,773.5,601
614,601,2024-12-19,90.0,38.3,2024-12-25,89.0,36.9,7,629,2024-12-19,2025-04-01,104,40,40,0.0,601
615,601,2025-04-02,88.0,31.3,2025-04-08,97.0,31.0,7,629,2025-04-02,2025-04-23,22,-36,-36,1.1,601
616,601,2023-09-14,125.0,166.1,2023-10-13,128.0,138.2,30,631,2023-09-14,2023-11-22,70,-92,-92,545.7,601
617,601,2023-11-23,127.0,116.3,2023-11-29,124.0,113.1,7,631,2023-11-23,2023-11-29,7,-131,-131,73.5,601
618,601,2023-11-30,126.0,112.4,2023-12-29,124.0,94.3,30,631,2023-11-30,2024-02-11,74,-60,-60,144.6,601
619,601,2024-02-12,112.0,69.8,2024-02-18,112.0,67.2,7,631,2024-02-12,2024-05-20,99,-55,-55,18.2,601
620,601,2024-05-21,92.0,45.5,2024-05-27,93.0,44.1,7,631,2024-05-21,2024-06-12,23,176,176,22.4,601
621,601,2024-06-13,94.0,42.8,2024-06-19,94.0,42.0,7,631,2024-06-13,2024-06-19,7,-211,-211,21.5,601
622,601,2024-06-20,94.0,42.1,2024-06-26,94.0,41.8,7,631,2024-06-20,2024-08-07,49,24,24,0.0,601
623,601,2024-08-08,84.0,41.6,2024-08-14,83.0,41.6,7,631,2024-08-08,2024-08-26,19,-1,-1,0.1,601
624,601,2024-08-27,78.0,45.4,2024-09-02,69.0,47.6,7,631,2024-08-27,2024-10-13,48,26,26,12.2,601
625,601,2024-10-14,80.0,59.9,2024-11-12,94.0,92.3,30,631,2024-10-14,2025-04-30,199,-79,-79,0.0,601
626,601,2023-10-11,130.0,139.4,2023-11-09,122.0,123.9,30,688,2023-10-11,2024-01-23,105,183,183,0.0,601
627,601,2024-01-24,120.0,78.9,2024-02-22,112.0,65.4,30,688,2024-01-24,2024-03-21,58,-144,-144,0.0,601
628,601,2024-03-22,106.0,57.2,2024-03-28,101.0,55.1,7,688,2024-03-22,2024-04-14,24,-22,-22,0.0,601
629,601,2024-04-15,96.0,51.4,2024-04-21,93.0,51.2,7,688,2024-04-15,2024-06-26,73,105,105,0.0,601
630,601,2024-06-27,92.0,41.7,2024-07-03,86.0,41.7,7,688,2024-06-27,2024-07-21,25,-38,-38,0.0,601
631,601,2024-07-22,88.0,40.6,2024-07-28,87.0,41.1,7,688,2024-07-22,2025-04-29,282,23,23,0.0,601
632,624,2023-10-15,46.0,17.2,2023-10-21,46.0,17.0,7,625,2023-10-15,2023-10-22,8,131,131,0.0,624
633,624,2023-10-23,46.0,16.7,2023-10-29,44.0,16.2,7,625,2023-10-23,2023-11-16,25,-59,-59,6.2,624
634,624,2023-11-17,44.0,14.4,2023-11-23,44.0,14.2,7,625,2023-11-17,2024-07-31,258,82,82,0.0,624
635,624,2024-08-01,48.0,10.6,2024-08-07,49.0,10.4,7,625,2024-08-01,2024-11-18,110,21,21,1.7,624
636,624,2024-11-19,48.0,7.1,2024-11-25,49.0,6.7,7,625,2024-11-19,2025-03-10,112,79,79,6.4,624
637,624,2025-03-11,48.0,2.1,2025-03-17,41.0,2.3,7,625,2025-03-11,2025-04-02,23,-18,-18,10.2,624
638,624,2025-04-03,47.0,2.6,2025-04-09,47.0,2.6,7,625,2025-04-03,2025-05-01,29,-74,-74,-0.0,624
639,624,2023-10-14,47.0,17.5,2023-10-20,47.0,17.0,7,627,2023-10-14,2023-11-17,35,0,0,0.0,624
640,624,2023-11-18,43.0,14.4,2023-11-24,45.0,14.2,7,627,2023-11-18,2024-02-10,85,0,0,0.0,624
641,624,2024-02-11,48.0,9.8,2024-02-17,46.0,11.0,7,627,2024-02-11,2024-04-01,51,0,0,0.0,624
642,624,2024-04-02,51.0,19.4,2024-04-14,50.0,9.5,13,627,2024-04-02,2024-04-14,13,-88,-88,0.0,624
643,624,2024-04-15,50.0,9.5,2024-04-21,50.0,8.7,7,627,2024-04-15,2024-07-21,98,50,50,0.0,624
644,624,2024-07-22,49.0,10.7,2024-07-28,47.0,10.7,7,627,2024-07-22,2024-08-29,39,18,18,0.0,624
645,624,2024-08-30,43.0,10.6,2024-09-05,47.0,10.8,7,627,2024-08-30,2025-01-15,139,-17,-17,0.0,624
646,624,2025-01-16,50.0,4.0,2025-01-22,49.0,4.1,7,627,2025-01-16,2025-01-23,8,20,20,0.0,624
647,624,2025-01-24,50.0,3.1,2025-01-30,49.0,2.8,7,627,2025-01-24,2025-02-27,35,38,38,0.0,624
648,624,2025-02-28,50.0,3.1,2025-03-06,48.0,2.4,7,627,2025-02-28,2025-03-10,11,-70,-70,0.0,624
649,624,2025-03-11,48.0,2.1,2025-03-17,41.0,2.3,7,627,2025-03-11,2025-05-01,52,43,43,0.0,624
650,624,2023-08-23,42.0,20.5,2023-08-29,44.0,20.3,7,682,2023-08-23,2023-10-13,52,21,21,0.0,624
651,624,2023-10-14,47.0,17.5,2023-10-20,47.0,17.0,7,682,2023-10-14,2023-10-22,9,-5,-5,0.0,624
652,624,2023-10-23,46.0,16.7,2023-10-29,44.0,16.2,7,682,2023-10-23,2023-11-12,21,0,0,0.0,624
653,624,2023-11-13,42.0,14.9,2023-11-19,45.0,14.4,7,682,2023-11-13,2024-03-15,124,202,202,0.0,624
654,624,2024-03-16,51.0,10.2,2024-03-22,50.0,9.3,7,682,2024-03-16,2024-04-03,19,2,2,0.0,624
655,624,2024-04-04,54.0,10.4,2024-04-10,51.0,9.7,7,682,2024-04-04,2024-04-22,19,-74,-74,0.0,624
656,624,2024-04-23,51.0,8.2,2024-04-29,46.0,8.9,7,682,2024-04-23,2024-05-24,32,142,142,0.0,624
657,624,2024-05-25,49.0,8.4,2024-05-31,48.0,8.3,7,682,2024-05-25,2024-06-01,8,-151,-151,0.0,624
658,624,2024-06-02,40.0,8.6,2024-06-08,53.0,9.2,7,682,2024-06-02,2024-06-18,17,47,47,0.0,624
659,624,2024-06-19,53.0,7.4,2024-06-25,51.0,7.6,7,682,2024-06-19,2024-07-02,14,-90,-90,0.0,624
660,624,2024-07-03,50.0,10.2,2024-07-09,48.0,10.4,7,682,2024-07-03,2024-07-24,22,-3,-3,0.0,624
661,624,2024-07-25,48.0,10.8,2024-07-31,48.0,10.6,7,682,2024-07-25,2024-08-12,19,98,98,0.0,624
662,624,2024-08-13,47.0,10.1,2024-08-19,46.0,10.0,7,682,2024-08-13,2024-08-19,7,61,61,0.0,624
663,624,2024-08-20,46.0,9.7,2024-08-26,44.0,10.0,7,682,2024-08-20,2024-10-16,58,-73,-73,0.0,624
664,624,2024-10-17,49.0,8.4,2024-10-23,49.0,8.3,7,682,2024-10-17,2024-11-04,19,-70,-70,0.0,624
665,624,2024-11-05,49.0,7.8,2024-11-11,49.0,7.5,7,682,2024-11-05,2024-12-13,39,56,56,0.0,624
666,624,2024-12-14,48.0,5.6,2024-12-20,50.0,5.3,7,682,2024-12-14,2025-02-07,56,-48,-48,0.0,624
667,624,2025-02-08,48.0,2.5,2025-02-14,48.0,2.0,7,682,2025-02-08,2025-05-01,83,-157,-157,0.0,624
668,624,2023-08-16,46.0,20.6,2023-08-22,43.0,20.4,7,684,2023-08-16,2023-08-22,7,-1,-1,0.1,624
669,624,2023-08-23,42.0,20.5,2023-08-29,44.0,20.3,7,684,2023-08-23,2023-09-21,30,0,0,0.0,624
670,624,2023-09-22,43.0,20.7,2023-09-28,43.0,21.0,7,684,2023-09-22,2024-03-17,178,-134,-134,-0.0,624
671,624,2024-03-18,51.0,9.5,2024-03-24,51.0,9.0,7,684,2024-03-18,2024-04-08,22,10,10,0.0,624
672,624,2024-04-09,51.0,10.0,2024-04-15,50.0,9.5,7,684,2024-04-09,2024-04-26,18,8,8,0.0,624
673,624,2024-04-27,50.0,9.3,2024-05-03,50.0,8.3,7,684,2024-04-27,2024-06-26,61,126,126,0.0,624
674,624,2024-06-27,50.0,8.4,2024-07-03,50.0,10.2,7,684,2024-06-27,2024-07-21,25,-45,-45,-0.0,624
675,624,2024-07-22,49.0,10.7,2024-07-28,47.0,10.7,7,684,2024-07-22,2024-07-30,9,63,63,0.0,624
676,624,2024-07-31,48.0,10.6,2024-08-06,49.0,10.4,7,684,2024-07-31,2024-09-03,35,-34,-34,0.7,624
677,624,2024-09-04,44.0,10.7,2024-09-10,46.0,10.5,7,684,2024-09-04,2024-11-20,78,-17,-17,0.3,624
678,624,2024-11-21,48.0,7.0,2024-11-27,49.0,6.7,7,684,2024-11-21,2025-03-14,114,24,24,1.4,624
679,624,2025-03-15,50.0,2.0,2025-03-21,47.0,2.6,7,684,2025-03-15,2025-04-27,44,-47,-47,8.2,624
680,624,2023-09-09,43.0,20.4,2023-09-15,43.0,20.6,7,685,2023-09-09,2024-02-24,169,-55,-55,-0.0,624
681,624,2024-02-25,50.0,11.1,2024-03-16,51.0,10.2,21,685,2024-02-25,2024-03-16,21,-37,-37,0.0,624
682,624,2024-03-17,52.0,9.6,2024-03-23,50.0,9.2,7,685,2024-03-17,2024-04-08,23,26,26,0.0,624
683,624,2024-04-09,51.0,10.0,2024-04-15,50.0,9.5,7,685,2024-04-09,2024-04-30,22,-97,-97,0.0,624
684,624,2024-05-01,49.0,8.7,2024-05-07,49.0,9.0,7,685,2024-05-01,2024-05-15,15,59,59,0.0,624
685,624,2024-05-16,50.0,8.7,2024-05-22,49.0,8.4,7,685,2024-05-16,2024-06-09,25,1,1,0.0,624
686,624,2024-06-10,52.0,7.6,2024-06-16,50.0,7.4,7,685,2024-06-10,2024-07-24,45,-28,-28,0.0,624
687,624,2024-07-25,48.0,10.8,2024-07-31,48.0,10.6,7,685,2024-07-25,2024-12-14,143,62,62,0.0,624
688,624,2024-12-15,47.0,5.5,2024-12-21,49.0,5.1,7,685,2024-12-15,2025-01-05,22,-21,-21,0.0,624
689,624,2025-01-06,49.0,4.4,2025-01-12,50.0,4.6,7,685,2025-01-06,2025-02-07,33,-22,-22,0.0,624
690,624,2025-02-08,48.0,2.5,2025-02-14,48.0,2.0,7,685,2025-02-08,2025-02-16,9,-13,-13,0.0,624
691,624,2025-02-17,47.0,4.3,2025-02-23,45.0,7.8,7,685,2025-02-17,2025-02-23,7,71,71,0.0,624
692,624,2025-02-24,47.0,2.7,2025-03-02,43.0,2.8,7,685,2025-02-24,2025-03-08,13,40,40,0.0,624
693,624,2025-03-09,48.0,2.1,2025-03-15,50.0,2.0,7,685,2025-03-09,2025-04-22,45,-71,-71,0.0,624
694,624,2025-04-23,46.0,2.6,2025-04-29,44.0,2.6,7,685,2025-04-23,2025-05-01,9,-25,-25,0.0,624
695,712,2023-10-15,34.0,17.1,2023-10-21,34.0,17.1,7,625,2023-10-15,2023-10-22,8,131,131,0.0,712
696,712,2023-10-23,33.0,17.2,2023-10-29,34.0,17.0,7,625,2023-10-23,2023-11-16,25,-59,-59,0.0,712
697,712,2023-11-17,32.0,17.3,2023-11-23,34.0,17.2,7,625,2023-11-17,2024-07-31,258,82,82,0.0,712
698,712,2024-08-01,22.0,16.0,2024-08-07,17.0,14.0,7,625,2024-08-01,2024-11-18,110,21,21,0.0,712
699,712,2024-11-19,28.0,12.0,2024-11-25,25.0,11.0,7,625,2024-11-19,2025-03-10,112,79,79,0.0,712
700,712,2025-03-11,20.0,11.0,2025-03-17,20.0,10.0,7,625,2025-03-11,2025-04-02,23,-18,-18,0.0,712
701,712,2025-04-03,20.0,10.0,2025-04-09,21.0,9.0,7,625,2025-04-03,2025-05-01,29,-74,-74,0.0,712
702,712,2023-08-23,41.0,15.7,2023-08-29,36.0,15.9,7,682,2023-08-23,2023-10-13,52,21,21,0.9,712
703,712,2023-10-14,34.0,17.0,2023-10-20,34.0,17.0,7,682,2023-10-14,2023-10-22,9,-5,-5,-0.0,712
704,712,2023-10-23,33.0,17.2,2023-10-29,34.0,17.0,7,682,2023-10-23,2023-11-12,21,0,0,0.0,712
705,712,2023-11-13,33.0,17.2,2023-11-19,32.0,17.3,7,682,2023-11-13,2024-03-15,124,202,202,4.2,712
706,712,2024-03-16,23.0,23.8,2024-04-03,19.0,20.0,19,682,2024-03-16,2024-04-03,19,2,2,0.0,712
707,712,2024-04-04,15.0,19.0,2024-04-10,17.0,18.0,7,682,2024-04-04,2024-04-22,19,-74,-74,15.2,712
708,712,2024-04-23,13.0,22.0,2024-05-22,17.0,24.0,30,682,2024-04-23,2024-05-24,32,142,142,63.0,712
709,712,2024-05-25,14.0,25.0,2024-05-31,16.0,25.0,7,682,2024-05-25,2024-06-01,8,-151,-151,-0.0,712
710,712,2024-06-02,16.0,25.0,2024-06-08,18.0,26.0,7,682,2024-06-02,2024-06-18,17,47,47,10.4,712
711,712,2024-06-19,17.0,26.0,2024-07-02,26.0,11.0,14,682,2024-06-19,2024-07-02,14,-90,-90,277.5,712
712,712,2024-07-03,26.0,11.0,2024-07-09,26.0,12.0,7,682,2024-07-03,2024-07-24,22,-3,-3,-0.0,712
713,712,2024-07-25,32.0,13.0,2024-08-12,31.0,17.0,19,682,2024-07-25,2024-08-12,19,98,98,80.6,712
714,712,2024-08-13,31.0,17.0,2024-08-19,30.0,15.0,7,682,2024-08-13,2024-08-19,7,61,61,0.0,712
715,712,2024-08-20,32.0,15.0,2024-09-18,30.0,12.0,30,682,2024-08-20,2024-10-16,58,-73,-73,34.2,712
716,712,2024-10-17,26.0,11.0,2024-10-23,25.0,11.0,7,682,2024-10-17,2024-11-04,19,-70,-70,3.5,712
717,712,2024-11-05,26.0,12.0,2024-11-11,25.0,12.0,7,682,2024-11-05,2024-12-13,39,56,56,0.0,712
718,712,2024-12-14,26.0,10.1,2024-12-20,26.0,10.1,7,682,2024-12-14,2025-02-07,56,-48,-48,-0.0,712
719,712,2025-02-08,24.0,11.0,2025-02-14,25.0,11.0,7,682,2025-02-08,2025-05-01,83,-157,-157,-0.0,712
720,712,2023-08-16,39.0,15.7,2023-08-22,40.0,15.4,7,684,2023-08-16,2023-08-22,7,-1,-1,0.0,712
721,712,2023-08-23,41.0,15.7,2023-08-29,36.0,15.9,7,684,2023-08-23,2023-09-21,30,0,0,0.0,712
722,712,2023-09-22,38.0,16.7,2023-09-28,36.0,16.8,7,684,2023-09-22,2024-03-17,178,-134,-134,9.6,712
723,712,2024-03-18,23.0,20.0,2024-04-08,16.0,19.0,22,684,2024-03-18,2024-04-08,22,10,10,0.0,712
724,712,2024-04-09,17.0,19.0,2024-04-15,16.0,19.0,7,684,2024-04-09,2024-04-26,18,8,8,0.0,712
725,712,2024-04-27,14.0,24.0,2024-05-26,15.0,25.0,30,684,2024-04-27,2024-06-26,61,126,126,6.3,712
726,712,2024-06-27,29.0,11.0,2024-07-03,26.0,11.0,7,684,2024-06-27,2024-07-21,25,-45,-45,1.9,712
727,712,2024-07-22,30.0,11.0,2024-07-30,23.0,16.0,9,684,2024-07-22,2024-07-30,9,63,63,18.8,712
728,712,2024-07-31,21.0,16.0,2024-08-06,24.0,16.0,7,684,2024-07-31,2024-09-03,35,-34,-34,-0.0,712
729,712,2024-09-04,28.0,11.0,2024-09-10,25.0,11.0,7,684,2024-09-04,2024-11-20,78,-17,-17,0.7,712
730,712,2024-11-21,25.0,11.0,2024-11-27,26.0,11.0,7,684,2024-11-21,2025-03-14,114,24,24,0.3,712
731,712,2025-03-15,20.0,11.0,2025-03-21,20.0,10.0,7,684,2025-03-15,2025-04-27,44,-47,-47,1.7,712
732,712,2023-09-09,35.0,16.3,2023-09-15,35.0,16.5,7,685,2023-09-09,2024-02-24,169,-55,-55,-0.0,712
733,712,2024-02-25,26.0,10.0,2024-03-02,24.0,10.0,7,685,2024-02-25,2024-03-16,21,-37,-37,0.0,712
734,712,2024-03-17,24.0,20.0,2024-04-08,16.0,19.0,23,685,2024-03-17,2024-04-08,23,26,26,0.0,712
735,712,2024-04-09,17.0,19.0,2024-04-15,16.0,19.0,7,685,2024-04-09,2024-04-30,22,-97,-97,0.0,712
736,712,2024-05-01,19.0,22.0,2024-05-15,15.0,25.0,15,685,2024-05-01,2024-05-15,15,59,59,0.0,712
737,712,2024-05-16,14.0,24.0,2024-05-22,17.0,24.0,7,685,2024-05-16,2024-06-09,25,1,1,0.0,712
738,712,2024-06-10,18.0,25.0,2024-06-16,17.0,26.0,7,685,2024-06-10,2024-07-24,45,-28,-28,0.0,712
739,712,2024-07-25,32.0,13.0,2024-08-23,30.0,12.0,30,685,2024-07-25,2024-12-14,143,62,62,0.0,712
740,712,2024-12-15,26.0,10.1,2024-12-21,27.0,10.1,7,685,2024-12-15,2025-01-05,22,-21,-21,-0.0,712
741,712,2025-01-06,26.0,10.1,2025-01-12,26.0,10.1,7,685,2025-01-06,2025-02-07,33,-22,-22,-0.0,712
742,712,2025-02-08,24.0,11.0,2025-02-14,25.0,11.0,7,685,2025-02-08,2025-02-16,9,-13,-13,-0.0,712
743,712,2025-02-17,25.0,10.0,2025-02-23,24.0,11.0,7,685,2025-02-17,2025-02-23,7,71,71,0.0,712
744,712,2025-02-24,22.0,11.0,2025-03-02,23.0,12.0,7,685,2025-02-24,2025-03-08,13,40,40,0.0,712
745,712,2025-03-09,22.0,10.0,2025-03-15,20.0,11.0,7,685,2025-03-09,2025-04-22,45,-71,-71,0.0,712
746,712,2025-04-23,17.0,9.0,2025-04-29,16.0,8.0,7,685,2025-04-23,2025-05-01,9,-25,-25,0.0,712
TOTALS,exact=46,nearby=1,miss=12,all=59,accuracy=0.80