well,oil_start,q_start,p_start,oil_end,q_end,p_end,duration_days_oil,ppd_well,ppd_start,ppd_end,duration_days_ppd
595,2023-10-15,31.0,233.0,2023-10-21,29.0,233.0,7,625,2023-10-15,2023-10-22,8
624,2023-10-15,46.0,17.2,2023-10-21,46.0,17.0,7,625,2023-10-15,2023-10-22,8
712,2023-10-15,34.0,17.1,2023-10-21,34.0,17.1,7,625,2023-10-15,2023-10-22,8
595,2023-10-23,29.0,233.0,2023-10-29,29.0,233.0,7,625,2023-10-23,2023-11-16,25
624,2023-10-23,46.0,16.7,2023-10-29,44.0,16.2,7,625,2023-10-23,2023-11-16,25
712,2023-10-23,33.0,17.2,2023-10-29,34.0,17.0,7,625,2023-10-23,2023-11-16,25
595,2023-11-17,30.0,233.0,2023-11-23,30.0,233.0,7,625,2023-11-17,2024-07-31,258
624,2023-11-17,44.0,14.4,2023-11-23,44.0,14.2,7,625,2023-11-17,2024-07-31,258
712,2023-11-17,32.0,17.3,2023-11-23,34.0,17.2,7,625,2023-11-17,2024-07-31,258
595,2024-08-01,97.0,151.0,2024-08-30,92.0,119.6,30,625,2024-08-01,2024-11-18,110
624,2024-08-01,48.0,10.6,2024-08-07,49.0,10.4,7,625,2024-08-01,2024-11-18,110
712,2024-08-01,22.0,16.0,2024-08-07,17.0,14.0,7,625,2024-08-01,2024-11-18,110
595,2024-11-19,91.0,81.5,2024-12-18,71.0,63.6,30,625,2024-11-19,2025-03-10,112
624,2024-11-19,48.0,7.1,2024-11-25,49.0,6.7,7,625,2024-11-19,2025-03-10,112
712,2024-11-19,28.0,12.0,2024-11-25,25.0,11.0,7,625,2024-11-19,2025-03-10,112
595,2025-03-11,72.0,43.1,2025-03-17,78.0,43.0,7,625,2025-03-11,2025-04-02,23
624,2025-03-11,48.0,2.1,2025-03-17,41.0,2.3,7,625,2025-03-11,2025-04-02,23
712,2025-03-11,20.0,11.0,2025-03-17,20.0,10.0,7,625,2025-03-11,2025-04-02,23
595,2025-04-03,63.0,40.3,2025-04-09,64.0,39.4,7,625,2025-04-03,2025-05-01,29
624,2025-04-03,47.0,2.6,2025-04-09,47.0,2.6,7,625,2025-04-03,2025-05-01,29
712,2025-04-03,20.0,10.0,2025-04-09,21.0,9.0,7,625,2025-04-03,2025-05-01,29
1430,2023-07-29,24.0,30.0,2023-08-04,24.0,30.2,7,5508,2023-07-29,2023-08-10,13
1446,2023-07-29,12.0,277.0,2023-08-04,13.0,277.0,7,5508,2023-07-29,2023-08-10,13
5505,2023-07-29,36.0,21.5,2023-08-04,38.0,21.6,7,5508,2023-07-29,2023-08-10,13
1430,2023-08-11,24.0,30.4,2023-08-17,24.0,30.6,7,5508,2023-08-11,2023-09-17,38
1446,2023-08-11,12.0,277.0,2023-08-17,11.0,277.0,7,5508,2023-08-11,2023-09-17,38
5505,2023-08-11,37.0,21.5,2023-08-17,32.0,21.8,7,5508,2023-08-11,2023-09-17,38
1430,2023-09-18,24.0,31.3,2023-09-24,24.0,31.6,7,5508,2023-09-18,2023-10-16,29
1446,2023-09-18,10.0,277.0,2023-09-24,8.0,277.0,7,5508,2023-09-18,2023-10-16,29
5505,2023-09-18,33.0,21.4,2023-09-24,34.0,21.4,7,5508,2023-09-18,2023-10-16,29
1430,2023-10-17,23.0,32.8,2023-10-23,23.0,33.6,7,5508,2023-10-17,2023-10-29,13
1446,2023-10-17,7.0,277.0,2023-10-23,6.0,277.0,7,5508,2023-10-17,2023-10-29,13
5505,2023-10-17,36.0,22.1,2023-10-23,36.0,22.3,7,5508,2023-10-17,2023-10-29,13
1430,2023-10-30,22.0,34.0,2023-11-05,23.0,34.6,7,5508,2023-10-30,2023-11-20,22
1446,2023-10-30,7.0,277.0,2023-11-05,9.0,277.0,7,5508,2023-10-30,2023-11-20,22
5505,2023-10-30,35.0,22.2,2023-11-05,35.0,22.7,7,5508,2023-10-30,2023-11-20,22
1430,2023-11-21,22.0,35.0,2023-11-27,21.0,36.9,7,5508,2023-11-21,2024-01-13,54
1446,2023-11-21,6.0,277.0,2023-11-27,7.0,277.0,7,5508,2023-11-21,2024-01-13,54
5505,2023-11-21,36.0,23.3,2023-11-27,35.0,23.5,7,5508,2023-11-21,2024-01-13,54
1430,2024-01-14,29.0,28.6,2024-01-20,28.0,30.0,7,5508,2024-01-14,2024-01-24,11
1446,2024-01-14,0.0,0.0,2024-01-20,0.0,0.0,7,5508,2024-01-14,2024-01-24,11
5505,2024-01-14,28.0,23.9,2024-01-20,33.0,23.0,7,5508,2024-01-14,2024-01-24,11
1430,2024-01-25,28.0,33.0,2024-02-07,28.0,26.0,14,5508,2024-01-25,2024-02-07,14
1446,2024-01-25,0.0,0.0,2024-01-31,0.0,0.0,7,5508,2024-01-25,2024-02-07,14
5505,2024-01-25,34.0,24.0,2024-01-31,34.0,23.0,7,5508,2024-01-25,2024-02-07,14
1430,2024-02-08,28.0,26.0,2024-03-08,24.0,27.0,30,5508,2024-02-08,2024-03-14,36
1446,2024-02-08,0.0,0.0,2024-02-14,0.0,0.0,7,5508,2024-02-08,2024-03-14,36
5505,2024-02-08,31.0,22.0,2024-02-14,34.0,22.0,7,5508,2024-02-08,2024-03-14,36
1430,2024-03-15,24.0,29.0,2024-04-02,24.0,33.0,19,5508,2024-03-15,2024-04-02,19
1446,2024-03-15,0.0,0.0,2024-03-21,0.0,0.0,7,5508,2024-03-15,2024-04-02,19
5505,2024-03-15,22.0,24.0,2024-03-21,31.0,24.0,7,5508,2024-03-15,2024-04-02,19
1430,2024-04-03,18.0,33.0,2024-04-09,18.0,33.0,7,5508,2024-04-03,2024-05-17,45
1446,2024-04-03,0.0,0.0,2024-04-09,0.0,0.0,7,5508,2024-04-03,2024-05-17,45
5505,2024-04-03,0.0,0.0,2024-04-09,0.0,0.0,7,5508,2024-04-03,2024-05-17,45
1430,2024-05-18,23.0,30.0,2024-06-08,24.0,24.0,22,5508,2024-05-18,2024-06-08,22
1446,2024-05-18,0.0,0.0,2024-05-24,0.0,0.0,7,5508,2024-05-18,2024-06-08,22
5505,2024-05-18,100.0,88.0,2024-06-08,48.0,28.0,22,5508,2024-05-18,2024-06-08,22
1430,2024-06-09,23.0,23.0,2024-06-15,24.0,23.0,7,5508,2024-06-09,2024-07-14,36
1446,2024-06-09,0.0,0.0,2024-06-15,0.0,0.0,7,5508,2024-06-09,2024-07-14,36
5505,2024-06-09,46.0,30.0,2024-06-15,49.0,28.0,7,5508,2024-06-09,2024-07-14,36
1430,2024-07-15,21.0,28.0,2024-07-21,21.0,28.0,7,5508,2024-07-15,2024-10-19,97
1446,2024-07-15,0.0,0.0,2024-07-21,0.0,0.0,7,5508,2024-07-15,2024-10-19,97
5505,2024-07-15,34.0,26.0,2024-07-21,32.0,27.0,7,5508,2024-07-15,2024-10-19,97
1430,2024-10-20,26.0,32.0,2024-10-26,25.0,31.0,7,5508,2024-10-20,2024-11-07,19
1446,2024-10-20,54.0,57.7,2024-10-26,51.0,59.3,7,5508,2024-10-20,2024-11-07,19
5505,2024-10-20,34.0,34.0,2024-10-26,35.0,34.0,7,5508,2024-10-20,2024-11-07,19
1430,2024-11-08,25.0,33.0,2024-11-14,25.0,33.0,7,5508,2024-11-08,2024-11-25,18
1446,2024-11-08,52.0,56.0,2024-11-14,51.0,55.9,7,5508,2024-11-08,2024-11-25,18
5505,2024-11-08,31.0,48.0,2024-11-25,29.0,46.0,18,5508,2024-11-08,2024-11-25,18
1430,2024-11-26,25.0,33.0,2024-12-02,25.0,33.0,7,5508,2024-11-26,2024-12-03,8
1446,2024-11-26,48.0,54.7,2024-12-02,49.0,54.4,7,5508,2024-11-26,2024-12-03,8
5505,2024-11-26,31.0,48.0,2024-12-02,32.0,48.0,7,5508,2024-11-26,2024-12-03,8
1430,2024-12-04,25.0,33.0,2024-12-10,24.0,33.0,7,5508,2024-12-04,2024-12-19,16
1446,2024-12-04,48.0,54.3,2024-12-10,46.0,56.0,7,5508,2024-12-04,2024-12-19,16
5505,2024-12-04,28.0,48.0,2024-12-10,34.0,48.0,7,5508,2024-12-04,2024-12-19,16
1430,2024-12-20,24.0,33.0,2024-12-26,24.0,33.0,7,5508,2024-12-20,2025-01-01,13
1446,2024-12-20,46.0,57.1,2025-01-01,50.0,119.0,13,5508,2024-12-20,2025-01-01,13
5505,2024-12-20,37.0,48.0,2024-12-26,36.0,48.0,7,5508,2024-12-20,2025-01-01,13
1430,2025-01-02,25.0,33.0,2025-01-08,24.0,33.0,7,5508,2025-01-02,2025-03-21,79
1446,2025-01-02,50.0,120.4,2025-01-31,50.0,53.8,30,5508,2025-01-02,2025-03-21,79
5505,2025-01-02,33.0,46.8,2025-01-31,52.0,34.0,30,5508,2025-01-02,2025-03-21,79
1430,2025-03-22,26.0,30.0,2025-03-28,25.0,30.0,7,5508,2025-03-22,2025-05-01,41
1446,2025-03-22,51.0,40.5,2025-03-28,49.0,42.2,7,5508,2025-03-22,2025-05-01,41
5505,2025-03-22,37.0,34.0,2025-03-28,38.0,34.0,7,5508,2025-03-22,2025-05-01,41
1446,2023-07-03,11.0,277.0,2023-07-09,11.0,277.0,7,5517,2023-07-03,2023-09-18,78
5505,2023-07-03,35.0,21.8,2023-07-09,35.0,21.9,7,5517,2023-07-03,2023-09-18,78
1446,2023-09-19,11.0,277.0,2023-09-25,9.0,277.0,7,5517,2023-09-19,2023-09-27,9
5505,2023-09-19,33.0,21.3,2023-09-25,36.0,21.4,7,5517,2023-09-19,2023-09-27,9
1446,2023-09-28,8.0,277.0,2023-10-04,7.0,277.0,7,5517,2023-09-28,2023-10-13,16
5505,2023-09-28,35.0,21.5,2023-10-04,37.0,21.7,7,5517,2023-09-28,2023-10-13,16
1446,2023-10-14,6.0,277.0,2023-10-20,8.0,277.0,7,5517,2023-10-14,2023-10-23,10
5505,2023-10-14,34.0,22.1,2023-10-20,32.0,22.2,7,5517,2023-10-14,2023-10-23,10
1446,2023-10-24,7.0,277.0,2023-10-30,7.0,277.0,7,5517,2023-10-24,2024-02-03,103
5505,2023-10-24,32.0,22.2,2023-10-30,35.0,22.2,7,5517,2023-10-24,2024-02-03,103
1446,2024-02-04,0.0,0.0,2024-02-10,0.0,0.0,7,5517,2024-02-04,2024-03-14,40
5505,2024-02-04,35.0,23.0,2024-02-10,33.0,22.0,7,5517,2024-02-04,2024-03-14,40
1446,2024-03-15,0.0,0.0,2024-03-21,0.0,0.0,7,5517,2024-03-15,2024-05-03,50
5505,2024-03-15,22.0,24.0,2024-03-21,31.0,24.0,7,5517,2024-03-15,2024-05-03,50
1446,2024-05-04,0.0,0.0,2024-05-10,0.0,0.0,7,5517,2024-05-04,2024-06-01,29
5505,2024-05-04,0.0,0.0,2024-05-10,0.0,0.0,7,5517,2024-05-04,2024-06-01,29
1446,2024-06-02,0.0,0.0,2024-06-08,0.0,0.0,7,5517,2024-06-02,2024-07-23,52
5505,2024-06-02,70.0,25.0,2024-07-01,49.0,17.0,30,5517,2024-06-02,2024-07-23,52
1446,2024-07-24,0.0,0.0,2024-07-30,0.0,0.0,7,5517,2024-07-24,2024-08-30,38
5505,2024-07-24,36.0,27.0,2024-07-30,35.0,28.0,7,5517,2024-07-24,2024-08-30,38
1446,2024-08-31,103.0,110.1,2024-09-27,64.0,58.4,28,5517,2024-08-31,2024-09-27,28
5505,2024-08-31,35.0,32.0,2024-09-06,34.0,32.0,7,5517,2024-08-31,2024-09-27,28
1446,2024-09-28,66.0,58.2,2024-10-25,51.0,59.3,28,5517,2024-09-28,2024-10-25,28
5505,2024-09-28,37.0,32.0,2024-10-04,35.0,31.0,7,5517,2024-09-28,2024-10-25,28
1446,2024-10-26,51.0,59.3,2024-11-01,51.0,58.2,7,5517,2024-10-26,2025-04-05,162
5505,2024-10-26,35.0,34.0,2024-11-01,35.0,34.0,7,5517,2024-10-26,2025-04-05,162
1446,2025-04-06,50.0,43.1,2025-04-12,50.0,43.0,7,5517,2025-04-06,2025-05-01,26
5505,2025-04-06,41.0,34.0,2025-04-12,37.0,34.0,7,5517,2025-04-06,2025-05-01,26
1994,2023-10-16,95.0,16.9,2023-10-22,93.0,17.3,7,575,2023-10-16,2023-11-01,17
601,2023-10-16,117.0,136.7,2023-11-01,125.0,127.8,17,575,2023-10-16,2023-11-01,17
1994,2023-11-02,93.0,17.5,2023-11-08,95.0,17.5,7,575,2023-11-02,2023-11-17,16
601,2023-11-02,118.0,127.4,2023-11-08,120.0,124.5,7,575,2023-11-02,2023-11-17,16
1994,2023-11-18,90.0,17.3,2023-11-24,92.0,17.1,7,575,2023-11-18,2024-02-18,93
601,2023-11-18,127.0,118.9,2023-12-17,122.0,102.9,30,575,2023-11-18,2024-02-18,93
1994,2024-02-19,0.0,0.0,2024-03-19,69.0,21.3,30,575,2024-02-19,2024-04-11,53
601,2024-02-19,112.0,66.1,2024-02-25,112.0,64.6,7,575,2024-02-19,2024-04-11,53
1994,2024-04-12,71.0,25.8,2024-04-18,72.0,26.6,7,575,2024-04-12,2025-04-04,358
601,2024-04-12,92.0,52.5,2024-04-18,93.0,51.2,7,575,2024-04-12,2025-04-04,358
1994,2025-04-05,95.0,23.4,2025-04-11,95.0,23.2,7,575,2025-04-05,2025-05-01,27
601,2025-04-05,90.0,31.5,2025-04-11,97.0,30.9,7,575,2025-04-05,2025-05-01,27
1994,2023-10-14,92.0,17.3,2023-10-20,95.0,17.5,7,627,2023-10-14,2023-11-17,35
595,2023-10-14,31.0,233.0,2023-10-20,29.0,233.0,7,627,2023-10-14,2023-11-17,35
601,2023-10-14,128.0,137.7,2023-11-12,125.0,122.4,30,627,2023-10-14,2023-11-17,35
624,2023-10-14,47.0,17.5,2023-10-20,47.0,17.0,7,627,2023-10-14,2023-11-17,35
1994,2023-11-18,90.0,17.3,2023-11-24,92.0,17.1,7,627,2023-11-18,2024-02-10,85
595,2023-11-18,29.0,233.0,2023-11-24,29.0,233.0,7,627,2023-11-18,2024-02-10,85
601,2023-11-18,127.0,118.9,2023-12-17,122.0,102.9,30,627,2023-11-18,2024-02-10,85
624,2023-11-18,43.0,14.4,2023-11-24,45.0,14.2,7,627,2023-11-18,2024-02-10,85
1994,2024-02-11,100.0,35.2,2024-03-11,69.0,21.7,30,627,2024-02-11,2024-04-01,51
595,2024-02-11,26.0,233.0,2024-02-17,29.0,233.0,7,627,2024-02-11,2024-04-01,51
601,2024-02-11,112.0,70.2,2024-02-17,112.0,67.4,7,627,2024-02-11,2024-04-01,51
624,2024-02-11,48.0,9.8,2024-02-17,46.0,11.0,7,627,2024-02-11,2024-04-01,51
1994,2024-04-02,69.0,23.5,2024-04-08,70.0,25.0,7,627,2024-04-02,2024-04-14,13
595,2024-04-02,31.0,233.0,2024-04-08,31.0,233.0,7,627,2024-04-02,2024-04-14,13
601,2024-04-02,100.0,54.9,2024-04-08,102.0,53.2,7,627,2024-04-02,2024-04-14,13
624,2024-04-02,51.0,19.4,2024-04-14,50.0,9.5,13,627,2024-04-02,2024-04-14,13
1994,2024-04-15,71.0,26.1,2024-04-21,72.0,26.3,7,627,2024-04-15,2024-07-21,98
595,2024-04-15,30.0,233.0,2024-04-21,31.0,233.0,7,627,2024-04-15,2024-07-21,98
601,2024-04-15,96.0,51.4,2024-04-21,93.0,51.2,7,627,2024-04-15,2024-07-21,98
624,2024-04-15,50.0,9.5,2024-04-21,50.0,8.7,7,627,2024-04-15,2024-07-21,98
1994,2024-07-22,84.0,30.6,2024-07-28,84.0,31.1,7,627,2024-07-22,2024-08-29,39
595,2024-07-22,95.0,173.0,2024-08-20,97.0,128.2,30,627,2024-07-22,2024-08-29,39
601,2024-07-22,88.0,40.6,2024-07-28,87.0,41.1,7,627,2024-07-22,2024-08-29,39
624,2024-07-22,49.0,10.7,2024-07-28,47.0,10.7,7,627,2024-07-22,2024-08-29,39
1994,2024-08-30,92.0,31.1,2024-09-05,91.0,31.3,7,627,2024-08-30,2025-01-15,139
595,2024-08-30,92.0,119.6,2024-09-28,85.0,98.9,30,627,2024-08-30,2025-01-15,139
601,2024-08-30,79.0,46.8,2024-09-28,73.0,40.0,30,627,2024-08-30,2025-01-15,139
624,2024-08-30,43.0,10.6,2024-09-05,47.0,10.8,7,627,2024-08-30,2025-01-15,139
1994,2025-01-16,95.0,24.4,2025-01-22,95.0,24.0,7,627,2025-01-16,2025-01-23,8
595,2025-01-16,62.0,56.9,2025-01-22,65.0,57.2,7,627,2025-01-16,2025-01-23,8
601,2025-01-16,108.0,32.1,2025-01-22,109.0,33.1,7,627,2025-01-16,2025-01-23,8
624,2025-01-16,50.0,4.0,2025-01-22,49.0,4.1,7,627,2025-01-16,2025-01-23,8
1994,2025-01-24,95.0,23.8,2025-01-30,95.0,23.5,7,627,2025-01-24,2025-02-27,35
595,2025-01-24,65.0,56.5,2025-01-30,75.0,58.1,7,627,2025-01-24,2025-02-27,35
601,2025-01-24,108.0,33.0,2025-01-30,115.0,32.0,7,627,2025-01-24,2025-02-27,35
624,2025-01-24,50.0,3.1,2025-01-30,49.0,2.8,7,627,2025-01-24,2025-02-27,35
1994,2025-02-28,95.0,23.0,2025-03-06,95.0,23.1,7,627,2025-02-28,2025-03-10,11
595,2025-02-28,67.0,49.3,2025-03-10,73.0,43.5,11,627,2025-02-28,2025-03-10,11
601,2025-02-28,88.0,32.9,2025-03-06,85.0,32.2,7,627,2025-02-28,2025-03-10,11
624,2025-02-28,50.0,3.1,2025-03-06,48.0,2.4,7,627,2025-02-28,2025-03-10,11
1994,2025-03-11,95.0,23.1,2025-03-17,95.0,22.0,7,627,2025-03-11,2025-05-01,52
595,2025-03-11,72.0,43.1,2025-03-17,78.0,43.0,7,627,2025-03-11,2025-05-01,52
601,2025-03-11,83.0,31.9,2025-03-17,91.0,31.8,7,627,2025-03-11,2025-05-01,52
624,2025-03-11,48.0,2.1,2025-03-17,41.0,2.3,7,627,2025-03-11,2025-05-01,52
1994,2024-02-11,100.0,35.2,2024-03-01,76.0,19.9,20,629,2024-02-11,2024-03-01,20
601,2024-02-11,112.0,70.2,2024-02-17,112.0,67.4,7,629,2024-02-11,2024-03-01,20
1994,2024-03-02,74.0,21.9,2024-03-08,69.0,21.5,7,629,2024-03-02,2024-06-26,117
601,2024-03-02,112.0,64.0,2024-03-08,112.0,61.1,7,629,2024-03-02,2024-06-26,117
1994,2024-06-27,84.0,29.5,2024-07-03,85.0,29.9,7,629,2024-06-27,2024-07-21,25
601,2024-06-27,92.0,41.7,2024-07-03,86.0,41.7,7,629,2024-06-27,2024-07-21,25
1994,2024-07-22,84.0,30.6,2024-07-28,84.0,31.1,7,629,2024-07-22,2024-09-07,48
601,2024-07-22,88.0,40.6,2024-07-28,87.0,41.1,7,629,2024-07-22,2024-09-07,48
1994,2024-09-08,94.0,30.6,2024-09-14,96.0,29.0,7,629,2024-09-08,2024-10-05,28
601,2024-09-08,0.0,0.0,2024-10-05,72.0,36.3,28,629,2024-09-08,2024-10-05,28
1994,2024-10-06,95.0,24.3,2024-10-26,92.0,26.3,21,629,2024-10-06,2024-10-26,21
601,2024-10-06,71.0,35.2,2024-10-26,61.0,77.4,21,629,2024-10-06,2024-10-26,21
1994,2024-10-27,93.0,26.5,2024-11-02,91.0,25.5,7,629,2024-10-27,2024-12-18,53
601,2024-10-27,58.0,76.6,2024-11-25,94.0,56.7,30,629,2024-10-27,2024-12-18,53
1994,2024-12-19,95.0,28.0,2024-12-25,95.0,28.0,7,629,2024-12-19,2025-04-01,104
601,2024-12-19,90.0,38.3,2024-12-25,89.0,36.9,7,629,2024-12-19,2025-04-01,104
1994,2025-04-02,95.0,23.3,2025-04-08,95.0,23.4,7,629,2025-04-02,2025-04-23,22
601,2025-04-02,88.0,31.3,2025-04-08,97.0,31.0,7,629,2025-04-02,2025-04-23,22
1994,2023-08-09,107.0,17.6,2023-08-15,105.0,16.6,7,688,2023-08-09,2023-10-10,63
1994,2023-10-11,94.0,16.7,2023-10-17,93.0,17.5,7,688,2023-10-11,2024-01-23,105
601,2023-10-11,130.0,139.4,2023-11-09,122.0,123.9,30,688,2023-10-11,2024-01-23,105
1994,2024-01-24,93.0,35.2,2024-01-30,93.0,35.2,7,688,2024-01-24,2024-03-21,58
601,2024-01-24,120.0,78.9,2024-02-22,112.0,65.4,30,688,2024-01-24,2024-03-21,58
1994,2024-03-22,68.0,21.0,2024-03-28,69.0,22.1,7,688,2024-03-22,2024-04-14,24
601,2024-03-22,106.0,57.2,2024-03-28,101.0,55.1,7,688,2024-03-22,2024-04-14,24
1994,2024-04-15,71.0,26.1,2024-04-21,72.0,26.3,7,688,2024-04-15,2024-06-26,73
601,2024-04-15,96.0,51.4,2024-04-21,93.0,51.2,7,688,2024-04-15,2024-06-26,73
1994,2024-06-27,84.0,29.5,2024-07-03,85.0,29.9,7,688,2024-06-27,2024-07-21,25
601,2024-06-27,92.0,41.7,2024-07-03,86.0,41.7,7,688,2024-06-27,2024-07-21,25
1994,2024-07-22,84.0,30.6,2024-07-28,84.0,31.1,7,688,2024-07-22,2025-04-29,282
601,2024-07-22,88.0,40.6,2024-07-28,87.0,41.1,7,688,2024-07-22,2025-04-29,282
1994,2023-07-06,111.0,21.1,2023-07-12,107.0,20.3,7,577,2023-07-06,2023-09-14,71
1994,2023-09-15,85.0,16.2,2023-09-21,88.0,16.9,7,577,2023-09-15,2023-11-29,76
601,2023-09-15,132.0,164.7,2023-10-14,128.0,137.7,30,577,2023-09-15,2023-11-29,76
1994,2023-11-30,94.0,17.1,2023-12-06,91.0,17.1,7,577,2023-11-30,2024-02-11,74
601,2023-11-30,126.0,112.4,2023-12-29,124.0,94.3,30,577,2023-11-30,2024-02-11,74
1994,2024-02-12,103.0,35.2,2024-03-12,68.0,21.7,30,577,2024-02-12,2024-05-19,98
601,2024-02-12,112.0,69.8,2024-02-18,112.0,67.2,7,577,2024-02-12,2024-05-19,98
1994,2024-05-20,82.0,23.1,2024-05-26,83.0,24.3,7,577,2024-05-20,2024-07-08,50
601,2024-05-20,92.0,45.7,2024-05-26,93.0,44.4,7,577,2024-05-20,2024-07-08,50
1994,2024-07-09,83.0,30.2,2024-07-15,85.0,30.2,7,577,2024-07-09,2024-08-28,51
601,2024-07-09,88.0,41.6,2024-07-15,88.0,41.3,7,577,2024-07-09,2024-08-28,51
1994,2024-08-29,92.0,31.1,2024-09-04,93.0,31.4,7,577,2024-08-29,2024-10-13,46
601,2024-08-29,78.0,45.7,2024-09-27,77.0,39.7,30,577,2024-08-29,2024-10-13,46
1994,2024-10-14,94.0,27.1,2024-10-20,91.0,26.9,7,577,2024-10-14,2025-04-30,199
601,2024-10-14,80.0,59.9,2024-11-12,94.0,92.3,30,577,2024-10-14,2025-04-30,199
1994,2023-09-14,87.0,17.1,2023-09-20,88.0,16.4,7,631,2023-09-14,2023-11-22,70
601,2023-09-14,125.0,166.1,2023-10-13,128.0,138.2,30,631,2023-09-14,2023-11-22,70
1994,2023-11-23,92.0,17.5,2023-11-29,93.0,17.3,7,631,2023-11-23,2023-11-29,7
601,2023-11-23,127.0,116.3,2023-11-29,124.0,113.1,7,631,2023-11-23,2023-11-29,7
1994,2023-11-30,94.0,17.1,2023-12-06,91.0,17.1,7,631,2023-11-30,2024-02-11,74
601,2023-11-30,126.0,112.4,2023-12-29,124.0,94.3,30,631,2023-11-30,2024-02-11,74
1994,2024-02-12,103.0,35.2,2024-03-12,68.0,21.7,30,631,2024-02-12,2024-05-20,99
601,2024-02-12,112.0,69.8,2024-02-18,112.0,67.2,7,631,2024-02-12,2024-05-20,99
1994,2024-05-21,83.0,23.2,2024-05-27,85.0,24.4,7,631,2024-05-21,2024-06-12,23
601,2024-05-21,92.0,45.5,2024-05-27,93.0,44.1,7,631,2024-05-21,2024-06-12,23
1994,2024-06-13,85.0,26.8,2024-06-19,85.0,28.2,7,631,2024-06-13,2024-06-19,7
601,2024-06-13,94.0,42.8,2024-06-19,94.0,42.0,7,631,2024-06-13,2024-06-19,7
1994,2024-06-20,84.0,28.3,2024-06-26,84.0,29.3,7,631,2024-06-20,2024-08-07,49
601,2024-06-20,94.0,42.1,2024-06-26,94.0,41.8,7,631,2024-06-20,2024-08-07,49
1994,2024-08-08,89.0,29.7,2024-08-14,91.0,29.9,7,631,2024-08-08,2024-08-26,19
601,2024-08-08,84.0,41.6,2024-08-14,83.0,41.6,7,631,2024-08-08,2024-08-26,19
1994,2024-08-27,94.0,31.0,2024-09-02,92.0,31.3,7,631,2024-08-27,2024-10-13,48
601,2024-08-27,78.0,45.4,2024-09-02,69.0,47.6,7,631,2024-08-27,2024-10-13,48
1994,2024-10-14,94.0,27.1,2024-10-20,91.0,26.9,7,631,2024-10-14,2025-04-30,199
601,2024-10-14,80.0,59.9,2024-11-12,94.0,92.3,30,631,2024-10-14,2025-04-30,199
595,2023-08-23,26.0,233.0,2023-08-29,16.0,233.0,7,682,2023-08-23,2023-10-13,52
624,2023-08-23,42.0,20.5,2023-08-29,44.0,20.3,7,682,2023-08-23,2023-10-13,52
712,2023-08-23,41.0,15.7,2023-08-29,36.0,15.9,7,682,2023-08-23,2023-10-13,52
595,2023-10-14,31.0,233.0,2023-10-20,29.0,233.0,7,682,2023-10-14,2023-10-22,9
624,2023-10-14,47.0,17.5,2023-10-20,47.0,17.0,7,682,2023-10-14,2023-10-22,9
712,2023-10-14,34.0,17.0,2023-10-20,34.0,17.0,7,682,2023-10-14,2023-10-22,9
595,2023-10-23,29.0,233.0,2023-10-29,29.0,233.0,7,682,2023-10-23,2023-11-12,21
624,2023-10-23,46.0,16.7,2023-10-29,44.0,16.2,7,682,2023-10-23,2023-11-12,21
712,2023-10-23,33.0,17.2,2023-10-29,34.0,17.0,7,682,2023-10-23,2023-11-12,21
595,2023-11-13,36.0,233.0,2023-11-19,30.0,233.0,7,682,2023-11-13,2024-03-15,124
624,2023-11-13,42.0,14.9,2023-11-19,45.0,14.4,7,682,2023-11-13,2024-03-15,124
712,2023-11-13,33.0,17.2,2023-11-19,32.0,17.3,7,682,2023-11-13,2024-03-15,124
595,2024-03-16,30.0,233.0,2024-03-22,30.0,233.0,7,682,2024-03-16,2024-04-03,19
624,2024-03-16,51.0,10.2,2024-03-22,50.0,9.3,7,682,2024-03-16,2024-04-03,19
712,2024-03-16,23.0,23.8,2024-04-03,19.0,20.0,19,682,2024-03-16,2024-04-03,19
595,2024-04-04,31.0,233.0,2024-04-10,31.0,233.0,7,682,2024-04-04,2024-04-22,19
624,2024-04-04,54.0,10.4,2024-04-10,51.0,9.7,7,682,2024-04-04,2024-04-22,19
712,2024-04-04,15.0,19.0,2024-04-10,17.0,18.0,7,682,2024-04-04,2024-04-22,19
595,2024-04-23,0.0,0.0,2024-04-29,0.0,0.0,7,682,2024-04-23,2024-05-24,32
624,2024-04-23,51.0,8.2,2024-04-29,46.0,8.9,7,682,2024-04-23,2024-05-24,32
712,2024-04-23,13.0,22.0,2024-05-22,17.0,24.0,30,682,2024-04-23,2024-05-24,32
595,2024-05-25,0.0,0.0,2024-05-31,0.0,0.0,7,682,2024-05-25,2024-06-01,8
624,2024-05-25,49.0,8.4,2024-05-31,48.0,8.3,7,682,2024-05-25,2024-06-01,8
712,2024-05-25,14.0,25.0,2024-05-31,16.0,25.0,7,682,2024-05-25,2024-06-01,8
595,2024-06-02,0.0,0.0,2024-06-08,0.0,0.0,7,682,2024-06-02,2024-06-18,17
624,2024-06-02,40.0,8.6,2024-06-08,53.0,9.2,7,682,2024-06-02,2024-06-18,17
712,2024-06-02,16.0,25.0,2024-06-08,18.0,26.0,7,682,2024-06-02,2024-06-18,17
595,2024-06-19,0.0,0.0,2024-06-25,0.0,0.0,7,682,2024-06-19,2024-07-02,14
624,2024-06-19,53.0,7.4,2024-06-25,51.0,7.6,7,682,2024-06-19,2024-07-02,14
712,2024-06-19,17.0,26.0,2024-07-02,26.0,11.0,14,682,2024-06-19,2024-07-02,14
595,2024-07-03,0.0,0.0,2024-07-24,95.0,169.0,22,682,2024-07-03,2024-07-24,22
624,2024-07-03,50.0,10.2,2024-07-09,48.0,10.4,7,682,2024-07-03,2024-07-24,22
712,2024-07-03,26.0,11.0,2024-07-09,26.0,12.0,7,682,2024-07-03,2024-07-24,22
595,2024-07-25,94.0,165.7,2024-08-12,102.0,136.3,19,682,2024-07-25,2024-08-12,19
624,2024-07-25,48.0,10.8,2024-07-31,48.0,10.6,7,682,2024-07-25,2024-08-12,19
712,2024-07-25,32.0,13.0,2024-08-12,31.0,17.0,19,682,2024-07-25,2024-08-12,19
595,2024-08-13,101.0,135.2,2024-08-19,98.0,129.3,7,682,2024-08-13,2024-08-19,7
624,2024-08-13,47.0,10.1,2024-08-19,46.0,10.0,7,682,2024-08-13,2024-08-19,7
712,2024-08-13,31.0,17.0,2024-08-19,30.0,15.0,7,682,2024-08-13,2024-08-19,7
595,2024-08-20,97.0,128.2,2024-09-18,92.0,104.8,30,682,2024-08-20,2024-10-16,58
624,2024-08-20,46.0,9.7,2024-08-26,44.0,10.0,7,682,2024-08-20,2024-10-16,58
712,2024-08-20,32.0,15.0,2024-09-18,30.0,12.0,30,682,2024-08-20,2024-10-16,58
595,2024-10-17,80.0,91.8,2024-10-23,80.0,89.8,7,682,2024-10-17,2024-11-04,19
624,2024-10-17,49.0,8.4,2024-10-23,49.0,8.3,7,682,2024-10-17,2024-11-04,19
712,2024-10-17,26.0,11.0,2024-10-23,25.0,11.0,7,682,2024-10-17,2024-11-04,19
595,2024-11-05,77.0,86.7,2024-11-11,74.0,85.0,7,682,2024-11-05,2024-12-13,39
624,2024-11-05,49.0,7.8,2024-11-11,49.0,7.5,7,682,2024-11-05,2024-12-13,39
712,2024-11-05,26.0,12.0,2024-11-11,25.0,12.0,7,682,2024-11-05,2024-12-13,39
595,2024-12-14,74.0,64.9,2025-01-12,72.0,55.2,30,682,2024-12-14,2025-02-07,56
624,2024-12-14,48.0,5.6,2024-12-20,50.0,5.3,7,682,2024-12-14,2025-02-07,56
712,2024-12-14,26.0,10.1,2024-12-20,26.0,10.1,7,682,2024-12-14,2025-02-07,56
595,2025-02-08,66.0,54.8,2025-02-14,64.0,54.6,7,682,2025-02-08,2025-05-01,83
624,2025-02-08,48.0,2.5,2025-02-14,48.0,2.0,7,682,2025-02-08,2025-05-01,83
712,2025-02-08,24.0,11.0,2025-02-14,25.0,11.0,7,682,2025-02-08,2025-05-01,83
595,2023-08-16,29.0,233.0,2023-08-22,26.0,233.0,7,684,2023-08-16,2023-08-22,7
624,2023-08-16,46.0,20.6,2023-08-22,43.0,20.4,7,684,2023-08-16,2023-08-22,7
712,2023-08-16,39.0,15.7,2023-08-22,40.0,15.4,7,684,2023-08-16,2023-08-22,7
595,2023-08-23,26.0,233.0,2023-08-29,16.0,233.0,7,684,2023-08-23,2023-09-21,30
624,2023-08-23,42.0,20.5,2023-08-29,44.0,20.3,7,684,2023-08-23,2023-09-21,30
712,2023-08-23,41.0,15.7,2023-08-29,36.0,15.9,7,684,2023-08-23,2023-09-21,30
595,2023-09-22,35.0,233.0,2023-09-28,34.0,233.0,7,684,2023-09-22,2024-03-17,178
624,2023-09-22,43.0,20.7,2023-09-28,43.0,21.0,7,684,2023-09-22,2024-03-17,178
712,2023-09-22,38.0,16.7,2023-09-28,36.0,16.8,7,684,2023-09-22,2024-03-17,178
595,2024-03-18,30.0,233.0,2024-03-24,32.0,233.0,7,684,2024-03-18,2024-04-08,22
624,2024-03-18,51.0,9.5,2024-03-24,51.0,9.0,7,684,2024-03-18,2024-04-08,22
712,2024-03-18,23.0,20.0,2024-04-08,16.0,19.0,22,684,2024-03-18,2024-04-08,22
595,2024-04-09,29.0,233.0,2024-04-15,30.0,233.0,7,684,2024-04-09,2024-04-26,18
624,2024-04-09,51.0,10.0,2024-04-15,50.0,9.5,7,684,2024-04-09,2024-04-26,18
712,2024-04-09,17.0,19.0,2024-04-15,16.0,19.0,7,684,2024-04-09,2024-04-26,18
595,2024-04-27,0.0,0.0,2024-05-03,0.0,0.0,7,684,2024-04-27,2024-06-26,61
624,2024-04-27,50.0,9.3,2024-05-03,50.0,8.3,7,684,2024-04-27,2024-06-26,61
712,2024-04-27,14.0,24.0,2024-05-26,15.0,25.0,30,684,2024-04-27,2024-06-26,61
595,2024-06-27,0.0,0.0,2024-07-03,0.0,0.0,7,684,2024-06-27,2024-07-21,25
624,2024-06-27,50.0,8.4,2024-07-03,50.0,10.2,7,684,2024-06-27,2024-07-21,25
712,2024-06-27,29.0,11.0,2024-07-03,26.0,11.0,7,684,2024-06-27,2024-07-21,25
595,2024-07-22,95.0,173.0,2024-07-30,96.0,155.6,9,684,2024-07-22,2024-07-30,9
624,2024-07-22,49.0,10.7,2024-07-28,47.0,10.7,7,684,2024-07-22,2024-07-30,9
712,2024-07-22,30.0,11.0,2024-07-30,23.0,16.0,9,684,2024-07-22,2024-07-30,9
595,2024-07-31,98.0,153.5,2024-08-29,90.0,120.4,30,684,2024-07-31,2024-09-03,35
624,2024-07-31,48.0,10.6,2024-08-06,49.0,10.4,7,684,2024-07-31,2024-09-03,35
712,2024-07-31,21.0,16.0,2024-08-06,24.0,16.0,7,684,2024-07-31,2024-09-03,35
595,2024-09-04,95.0,114.6,2024-10-03,83.0,96.9,30,684,2024-09-04,2024-11-20,78
624,2024-09-04,44.0,10.7,2024-09-10,46.0,10.5,7,684,2024-09-04,2024-11-20,78
712,2024-09-04,28.0,11.0,2024-09-10,25.0,11.0,7,684,2024-09-04,2024-11-20,78
595,2024-11-21,73.0,80.0,2024-12-20,80.0,61.8,30,684,2024-11-21,2025-03-14,114
624,2024-11-21,48.0,7.0,2024-11-27,49.0,6.7,7,684,2024-11-21,2025-03-14,114
712,2024-11-21,25.0,11.0,2024-11-27,26.0,11.0,7,684,2024-11-21,2025-03-14,114
595,2025-03-15,71.0,43.0,2025-03-21,66.0,41.8,7,684,2025-03-15,2025-04-27,44
624,2025-03-15,50.0,2.0,2025-03-21,47.0,2.6,7,684,2025-03-15,2025-04-27,44
712,2025-03-15,20.0,11.0,2025-03-21,20.0,10.0,7,684,2025-03-15,2025-04-27,44
595,2023-09-09,38.0,233.0,2023-09-15,38.0,233.0,7,685,2023-09-09,2024-02-24,169
624,2023-09-09,43.0,20.4,2023-09-15,43.0,20.6,7,685,2023-09-09,2024-02-24,169
712,2023-09-09,35.0,16.3,2023-09-15,35.0,16.5,7,685,2023-09-09,2024-02-24,169
595,2024-02-25,30.0,233.0,2024-03-02,28.0,233.0,7,685,2024-02-25,2024-03-16,21
624,2024-02-25,50.0,11.1,2024-03-16,51.0,10.2,21,685,2024-02-25,2024-03-16,21
712,2024-02-25,26.0,10.0,2024-03-02,24.0,10.0,7,685,2024-02-25,2024-03-16,21
595,2024-03-17,31.0,233.0,2024-03-23,31.0,233.0,7,685,2024-03-17,2024-04-08,23
624,2024-03-17,52.0,9.6,2024-03-23,50.0,9.2,7,685,2024-03-17,2024-04-08,23
712,2024-03-17,24.0,20.0,2024-04-08,16.0,19.0,23,685,2024-03-17,2024-04-08,23
595,2024-04-09,29.0,233.0,2024-04-15,30.0,233.0,7,685,2024-04-09,2024-04-30,22
624,2024-04-09,51.0,10.0,2024-04-15,50.0,9.5,7,685,2024-04-09,2024-04-30,22
712,2024-04-09,17.0,19.0,2024-04-15,16.0,19.0,7,685,2024-04-09,2024-04-30,22
595,2024-05-01,0.0,0.0,2024-05-07,0.0,0.0,7,685,2024-05-01,2024-05-15,15
624,2024-05-01,49.0,8.7,2024-05-07,49.0,9.0,7,685,2024-05-01,2024-05-15,15
712,2024-05-01,19.0,22.0,2024-05-15,15.0,25.0,15,685,2024-05-01,2024-05-15,15
595,2024-05-16,0.0,0.0,2024-05-22,0.0,0.0,7,685,2024-05-16,2024-06-09,25
624,2024-05-16,50.0,8.7,2024-05-22,49.0,8.4,7,685,2024-05-16,2024-06-09,25
712,2024-05-16,14.0,24.0,2024-05-22,17.0,24.0,7,685,2024-05-16,2024-06-09,25
595,2024-06-10,0.0,0.0,2024-06-16,0.0,0.0,7,685,2024-06-10,2024-07-24,45
624,2024-06-10,52.0,7.6,2024-06-16,50.0,7.4,7,685,2024-06-10,2024-07-24,45
712,2024-06-10,18.0,25.0,2024-06-16,17.0,26.0,7,685,2024-06-10,2024-07-24,45
595,2024-07-25,94.0,165.7,2024-08-23,95.0,125.5,30,685,2024-07-25,2024-12-14,143
624,2024-07-25,48.0,10.8,2024-07-31,48.0,10.6,7,685,2024-07-25,2024-12-14,143
712,2024-07-25,32.0,13.0,2024-08-23,30.0,12.0,30,685,2024-07-25,2024-12-14,143
595,2024-12-15,77.0,64.4,2025-01-05,71.0,57.7,22,685,2024-12-15,2025-01-05,22
624,2024-12-15,47.0,5.5,2024-12-21,49.0,5.1,7,685,2024-12-15,2025-01-05,22
712,2024-12-15,26.0,10.1,2024-12-21,27.0,10.1,7,685,2024-12-15,2025-01-05,22
595,2025-01-06,70.0,57.7,2025-01-12,72.0,55.2,7,685,2025-01-06,2025-02-07,33
624,2025-01-06,49.0,4.4,2025-01-12,50.0,4.6,7,685,2025-01-06,2025-02-07,33
712,2025-01-06,26.0,10.1,2025-01-12,26.0,10.1,7,685,2025-01-06,2025-02-07,33
595,2025-02-08,66.0,54.8,2025-02-14,64.0,54.6,7,685,2025-02-08,2025-02-16,9
624,2025-02-08,48.0,2.5,2025-02-14,48.0,2.0,7,685,2025-02-08,2025-02-16,9
712,2025-02-08,24.0,11.0,2025-02-14,25.0,11.0,7,685,2025-02-08,2025-02-16,9
595,2025-02-17,64.0,55.3,2025-02-23,58.0,54.9,7,685,2025-02-17,2025-02-23,7
624,2025-02-17,47.0,4.3,2025-02-23,45.0,7.8,7,685,2025-02-17,2025-02-23,7
712,2025-02-17,25.0,10.0,2025-02-23,24.0,11.0,7,685,2025-02-17,2025-02-23,7
595,2025-02-24,61.0,55.1,2025-03-08,69.0,44.3,13,685,2025-02-24,2025-03-08,13
624,2025-02-24,47.0,2.7,2025-03-02,43.0,2.8,7,685,2025-02-24,2025-03-08,13
712,2025-02-24,22.0,11.0,2025-03-02,23.0,12.0,7,685,2025-02-24,2025-03-08,13
595,2025-03-09,71.0,44.1,2025-03-15,71.0,43.0,7,685,2025-03-09,2025-04-22,45
624,2025-03-09,48.0,2.1,2025-03-15,50.0,2.0,7,685,2025-03-09,2025-04-22,45
712,2025-03-09,22.0,10.0,2025-03-15,20.0,11.0,7,685,2025-03-09,2025-04-22,45
595,2025-04-23,58.0,41.9,2025-05-01,0.0,0.0,9,685,2025-04-23,2025-05-01,9
624,2025-04-23,46.0,2.6,2025-04-29,44.0,2.6,7,685,2025-04-23,2025-05-01,9
712,2025-04-23,17.0,9.0,2025-04-29,16.0,8.0,7,685,2025-04-23,2025-05-01,9
1094,2023-07-04,85.0,30.2,2023-08-02,47.0,38.1,30,1021,2023-07-04,2023-09-07,66
1094,2023-09-08,55.0,26.5,2023-09-14,52.0,26.5,7,1021,2023-09-08,2023-09-20,13
1094,2023-09-21,50.0,26.5,2023-09-27,46.0,26.5,7,1021,2023-09-21,2023-10-08,18
1094,2023-10-09,52.0,26.5,2023-10-15,46.0,26.5,7,1021,2023-10-09,2023-10-21,13
1094,2023-10-22,51.0,26.5,2023-10-28,49.0,26.5,7,1021,2023-10-22,2023-11-02,12
1094,2023-11-03,48.0,26.5,2023-11-09,49.0,26.5,7,1021,2023-11-03,2023-11-19,17
1094,2023-11-20,48.0,26.5,2023-11-26,49.0,26.5,7,1021,2023-11-20,2024-01-12,54
1094,2024-01-13,49.0,26.5,2024-01-19,48.0,26.5,7,1021,2024-01-13,2024-02-02,21
1094,2024-02-03,47.0,26.5,2024-02-09,52.0,26.5,7,1021,2024-02-03,2024-02-21,19
1094,2024-02-22,49.0,26.5,2024-02-28,47.0,26.5,7,1021,2024-02-22,2024-03-16,24
1094,2024-03-17,53.0,26.5,2024-03-23,50.0,26.5,7,1021,2024-03-17,2024-05-08,53
1094,2024-05-09,47.0,26.5,2024-05-15,47.0,26.5,7,1021,2024-05-09,2024-06-26,49
1094,2024-06-27,40.0,26.5,2024-07-03,42.0,26.5,7,1021,2024-06-27,2024-07-26,30
1094,2024-07-27,51.0,26.5,2024-08-02,44.0,26.5,7,1021,2024-07-27,2024-09-23,59
1094,2024-09-24,40.0,26.5,2024-09-30,37.0,26.5,7,1021,2024-09-24,2024-10-21,28
1094,2024-10-22,37.0,26.5,2024-10-28,37.0,26.5,7,1021,2024-10-22,2024-11-01,11
1094,2024-11-02,34.0,26.5,2024-11-08,35.0,26.5,7,1021,2024-11-02,2024-11-20,19
1094,2024-11-21,38.0,26.5,2024-11-27,36.0,26.5,7,1021,2024-11-21,2025-02-01,73
1094,2025-02-02,42.0,26.5,2025-02-08,43.0,26.5,7,1021,2025-02-02,2025-02-15,14
1094,2025-02-16,41.0,26.5,2025-02-22,43.0,26.5,7,1021,2025-02-16,2025-05-01,75
1094,2023-07-04,85.0,30.2,2023-08-02,47.0,38.1,30,1022,2023-07-04,2023-09-03,62
1094,2023-09-04,55.0,26.5,2023-09-10,55.0,26.5,7,1022,2023-09-04,2023-09-20,17
1094,2023-09-21,50.0,26.5,2023-09-27,46.0,26.5,7,1022,2023-09-21,2023-10-22,32
1094,2023-10-23,48.0,26.5,2023-10-29,47.0,26.5,7,1022,2023-10-23,2023-11-02,11
1094,2023-11-03,48.0,26.5,2023-11-09,49.0,26.5,7,1022,2023-11-03,2023-11-19,17
1094,2023-11-20,48.0,26.5,2023-11-26,49.0,26.5,7,1022,2023-11-20,2024-01-15,57
1094,2024-01-16,50.0,26.5,2024-01-22,47.0,26.5,7,1022,2024-01-16,2024-02-02,18
1094,2024-02-03,47.0,26.5,2024-02-09,52.0,26.5,7,1022,2024-02-03,2024-02-21,19
1094,2024-02-22,49.0,26.5,2024-02-28,47.0,26.5,7,1022,2024-02-22,2024-03-16,24
1094,2024-03-17,53.0,26.5,2024-03-23,50.0,26.5,7,1022,2024-03-17,2024-05-03,48
1094,2024-05-04,69.0,26.5,2024-05-10,49.0,26.5,7,1022,2024-05-04,2024-05-30,27
1094,2024-05-31,51.0,26.5,2024-06-06,42.0,26.5,7,1022,2024-05-31,2024-06-18,19
1094,2024-06-19,48.0,26.5,2024-06-25,44.0,26.5,7,1022,2024-06-19,2024-07-13,25
1094,2024-07-14,43.0,26.5,2024-07-20,48.0,26.5,7,1022,2024-07-14,2024-07-26,13
1094,2024-07-27,51.0,26.5,2024-08-02,44.0,26.5,7,1022,2024-07-27,2024-09-23,59
1094,2024-09-24,40.0,26.5,2024-09-30,37.0,26.5,7,1022,2024-09-24,2024-10-21,28
1094,2024-10-22,37.0,26.5,2024-10-28,37.0,26.5,7,1022,2024-10-22,2024-10-31,10
1094,2024-11-01,35.0,26.5,2024-11-07,35.0,26.5,7,1022,2024-11-01,2024-11-20,20
1094,2024-11-21,38.0,26.5,2024-11-27,36.0,26.5,7,1022,2024-11-21,2025-01-01,42
1094,2025-01-02,40.0,26.5,2025-01-08,39.0,26.5,7,1022,2025-01-02,2025-02-16,46
1094,2025-02-17,40.0,26.5,2025-02-23,44.0,26.5,7,1022,2025-02-17,2025-02-23,7
1094,2025-02-24,44.0,26.5,2025-03-02,44.0,26.5,7,1022,2025-02-24,2025-04-01,37
1094,2025-04-02,40.0,26.5,2025-04-08,43.0,26.5,7,1022,2025-04-02,2025-05-01,30
1094,2023-09-05,54.0,26.5,2023-09-11,55.0,26.5,7,1073,2023-09-05,2023-10-14,40
1094,2023-10-15,46.0,26.5,2023-10-21,48.0,26.5,7,1073,2023-10-15,2023-10-22,8
1094,2023-10-23,48.0,26.5,2023-10-29,47.0,26.5,7,1073,2023-10-23,2023-11-10,19
1094,2023-11-11,50.0,26.5,2023-11-17,48.0,26.5,7,1073,2023-11-11,2023-12-03,23
1094,2023-12-04,50.0,26.5,2023-12-10,48.0,26.5,7,1073,2023-12-04,2024-01-27,55
1094,2024-01-28,48.0,26.5,2024-02-03,47.0,26.5,7,1073,2024-01-28,2024-02-08,12
1094,2024-02-09,52.0,26.5,2024-02-15,45.0,26.5,7,1073,2024-02-09,2024-03-12,33
1094,2024-03-13,51.0,26.5,2024-03-19,51.0,26.5,7,1073,2024-03-13,2024-03-27,15
1094,2024-03-28,47.0,26.5,2024-04-03,48.0,26.5,7,1073,2024-03-28,2024-04-05,9
1094,2024-04-06,51.0,26.5,2024-04-12,49.0,26.5,7,1073,2024-04-06,2024-05-05,30
1094,2024-05-06,48.0,26.5,2024-05-12,48.0,26.5,7,1073,2024-05-06,2024-06-18,44
1094,2024-06-19,48.0,26.5,2024-06-25,44.0,26.5,7,1073,2024-06-19,2024-07-02,14
1094,2024-07-03,42.0,26.5,2024-07-09,44.0,26.5,7,1073,2024-07-03,2024-08-04,33
1094,2024-08-05,42.0,26.5,2024-08-11,45.0,26.5,7,1073,2024-08-05,2024-08-14,10
1094,2024-08-15,45.0,26.5,2024-08-21,43.0,26.5,7,1073,2024-08-15,2024-09-23,40
1094,2024-09-24,40.0,26.5,2024-09-30,37.0,26.5,7,1073,2024-09-24,2024-10-03,10
1094,2024-10-04,38.0,26.5,2024-10-10,38.0,26.5,7,1073,2024-10-04,2024-10-21,18
1094,2024-10-22,37.0,26.5,2024-10-28,37.0,26.5,7,1073,2024-10-22,2025-05-01,192
1094,2023-07-12,74.0,26.9,2023-08-10,50.0,28.2,30,1115,2023-07-12,2023-08-20,40
1094,2023-08-21,57.0,26.5,2023-08-27,56.0,26.5,7,1115,2023-08-21,2023-10-17,58
1094,2023-10-18,49.0,26.5,2023-10-24,48.0,26.5,7,1115,2023-10-18,2024-05-04,200
1094,2024-05-05,46.0,26.5,2024-05-11,47.0,26.5,7,1115,2024-05-05,2024-06-01,28
1094,2024-06-02,42.0,26.5,2024-06-08,43.0,26.5,7,1115,2024-06-02,2024-08-20,80
1094,2024-08-21,43.0,26.5,2024-08-27,45.0,26.5,7,1115,2024-08-21,2024-09-11,22
1094,2024-09-12,40.0,26.5,2024-09-18,41.0,26.5,7,1115,2024-09-12,2024-10-07,26
1094,2024-10-08,39.0,26.5,2024-10-14,38.0,26.5,7,1115,2024-10-08,2024-10-22,15
1094,2024-10-23,38.0,26.5,2024-10-29,36.0,26.5,7,1115,2024-10-23,2025-04-14,174
1094,2025-04-15,41.0,26.5,2025-04-21,45.0,26.5,7,1115,2025-04-15,2025-05-01,17
1158,2023-07-21,96.0,255.5,2023-08-04,105.0,226.4,15,1140,2023-07-21,2023-08-04,15
1175,2023-07-21,35.0,17.3,2023-07-27,34.0,17.3,7,1140,2023-07-21,2023-08-04,15
1158,2023-08-05,106.0,224.1,2023-08-20,99.0,205.0,16,1140,2023-08-05,2023-08-20,16
1175,2023-08-05,39.0,17.3,2023-08-11,34.0,17.3,7,1140,2023-08-05,2023-08-20,16
1158,2023-08-21,100.0,205.0,2023-09-19,103.0,175.2,30,1140,2023-08-21,2023-10-04,45
1175,2023-08-21,33.0,17.3,2023-08-27,32.0,17.3,7,1140,2023-08-21,2023-10-04,45
1158,2023-10-05,104.0,163.3,2023-10-15,102.0,160.1,11,1140,2023-10-05,2023-10-15,11
1175,2023-10-05,23.0,17.3,2023-10-11,20.0,17.3,7,1140,2023-10-05,2023-10-15,11
1158,2023-10-16,102.0,160.1,2023-10-22,107.0,160.1,7,1140,2023-10-16,2023-11-06,22
1175,2023-10-16,17.0,17.3,2023-10-22,26.0,17.3,7,1140,2023-10-16,2023-11-06,22
1158,2023-11-07,107.0,160.1,2023-11-13,106.0,160.1,7,1140,2023-11-07,2023-12-14,38
1175,2023-11-07,28.0,17.3,2023-11-13,28.0,17.3,7,1140,2023-11-07,2023-12-14,38
1158,2023-12-15,0.0,0.0,2023-12-23,190.0,59.8,9,1140,2023-12-15,2023-12-23,9
1175,2023-12-15,33.0,17.3,2023-12-21,33.0,17.3,7,1140,2023-12-15,2023-12-23,9
1158,2023-12-24,183.0,55.6,2024-01-22,120.0,33.8,30,1140,2023-12-24,2024-04-17,116
1175,2023-12-24,32.0,17.3,2023-12-30,32.0,17.3,7,1140,2023-12-24,2024-04-17,116
1158,2024-04-18,0.0,0.0,2024-05-17,107.0,58.4,30,1140,2024-04-18,2024-06-01,45
1175,2024-04-18,33.0,17.3,2024-04-24,33.0,17.3,7,1140,2024-04-18,2024-06-01,45
1158,2024-06-02,107.0,47.8,2024-06-24,114.0,34.8,23,1140,2024-06-02,2024-06-24,23
1175,2024-06-02,25.0,17.3,2024-06-08,23.0,17.3,7,1140,2024-06-02,2024-06-24,23
1158,2024-06-25,111.0,34.6,2024-07-03,112.0,30.6,9,1140,2024-06-25,2024-07-03,9
1175,2024-06-25,25.0,16.7,2024-07-01,26.0,16.6,7,1140,2024-06-25,2024-07-03,9
1158,2024-07-04,111.0,30.3,2024-07-10,111.0,28.6,7,1140,2024-07-04,2024-08-17,45
1175,2024-07-04,26.0,16.2,2024-07-10,25.0,15.9,7,1140,2024-07-04,2024-08-17,45
1158,2024-08-18,97.0,25.6,2024-08-24,96.0,25.6,7,1140,2024-08-18,2024-09-03,17
1175,2024-08-18,23.0,17.4,2024-08-24,22.0,16.9,7,1140,2024-08-18,2024-09-03,17
1158,2024-09-04,93.0,26.4,2024-09-10,92.0,26.9,7,1140,2024-09-04,2024-09-11,8
1175,2024-09-04,26.0,18.0,2024-09-10,24.0,17.0,7,1140,2024-09-04,2024-09-11,8
1158,2024-09-12,92.0,27.0,2024-09-18,91.0,27.9,7,1140,2024-09-12,2024-10-10,29
1175,2024-09-12,24.0,16.9,2024-09-18,25.0,16.9,7,1140,2024-09-12,2024-10-10,29
1158,2024-10-11,86.0,33.2,2024-10-17,85.0,34.9,7,1140,2024-10-11,2024-10-25,15
1175,2024-10-11,26.0,17.4,2024-10-17,25.0,17.4,7,1140,2024-10-11,2024-10-25,15
1158,2024-10-26,82.0,38.0,2024-11-01,78.0,40.0,7,1140,2024-10-26,2025-03-30,156
1175,2024-10-26,26.0,17.6,2024-11-01,26.0,17.5,7,1140,2024-10-26,2025-03-30,156
1158,2025-03-31,41.0,41.9,2025-04-06,36.0,41.9,7,1140,2025-03-31,2025-05-01,32
1175,2025-03-31,23.0,40.0,2025-04-29,25.0,24.0,30,1140,2025-03-31,2025-05-01,32
1158,2023-07-22,102.0,229.5,2023-08-20,99.0,205.0,30,1174,2023-07-22,2023-10-11,82
1175,2023-07-22,33.0,17.3,2023-07-28,34.0,17.3,7,1174,2023-07-22,2023-10-11,82
1158,2023-10-12,103.0,160.1,2023-10-18,101.0,160.1,7,1174,2023-10-12,2023-11-05,25
1175,2023-10-12,19.0,17.3,2023-10-18,16.0,17.3,7,1174,2023-10-12,2023-11-05,25
1158,2023-11-06,107.0,160.1,2023-11-12,107.0,160.1,7,1174,2023-11-06,2023-12-03,28
1175,2023-11-06,28.0,17.3,2023-11-12,28.0,17.3,7,1174,2023-11-06,2023-12-03,28
1158,2023-12-04,116.0,184.9,2023-12-10,115.0,184.9,7,1174,2023-12-04,2023-12-14,11
1175,2023-12-04,31.0,17.3,2023-12-10,32.0,17.3,7,1174,2023-12-04,2023-12-14,11
1158,2023-12-15,0.0,0.0,2023-12-29,154.0,42.5,15,1174,2023-12-15,2023-12-29,15
1175,2023-12-15,33.0,17.3,2023-12-21,33.0,17.3,7,1174,2023-12-15,2023-12-29,15
1158,2023-12-30,151.0,41.4,2024-01-05,134.0,38.6,7,1174,2023-12-30,2024-01-24,26
1175,2023-12-30,32.0,17.3,2024-01-05,33.0,17.3,7,1174,2023-12-30,2024-01-24,26
1158,2024-01-25,120.0,33.0,2024-01-31,116.0,32.0,7,1174,2024-01-25,2024-02-03,10
1175,2024-01-25,33.0,17.3,2024-01-31,33.0,17.3,7,1174,2024-01-25,2024-02-03,10
1158,2024-02-04,114.0,31.2,2024-02-10,106.0,30.8,7,1174,2024-02-04,2024-02-22,19
1175,2024-02-04,34.0,17.3,2024-02-10,34.0,17.3,7,1174,2024-02-04,2024-02-22,19
1158,2024-02-23,107.0,29.6,2024-02-29,106.0,29.1,7,1174,2024-02-23,2024-04-16,54
1175,2024-02-23,33.0,17.3,2024-02-29,34.0,17.3,7,1174,2024-02-23,2024-04-16,54
1158,2024-04-17,96.0,74.2,2024-05-16,108.0,58.7,30,1174,2024-04-17,2024-08-17,123
1175,2024-04-17,34.0,17.3,2024-04-23,32.0,17.3,7,1174,2024-04-17,2024-08-17,123
1158,2024-08-18,97.0,25.6,2024-08-24,96.0,25.6,7,1174,2024-08-18,2024-10-26,70
1175,2024-08-18,23.0,17.4,2024-08-24,22.0,16.9,7,1174,2024-08-18,2024-10-26,70
1158,2024-10-27,82.0,38.3,2024-11-02,78.0,40.6,7,1174,2024-10-27,2025-03-24,149
1175,2024-10-27,26.0,17.5,2024-11-02,26.0,17.6,7,1174,2024-10-27,2025-03-24,149
1158,2025-03-25,47.0,41.9,2025-03-31,41.0,41.9,7,1174,2025-03-25,2025-05-01,38
1175,2025-03-25,21.0,44.0,2025-04-23,24.0,29.0,30,1174,2025-03-25,2025-05-01,38
1158,2023-07-21,96.0,255.5,2023-08-04,105.0,226.4,15,1218,2023-07-21,2023-08-04,15
1175,2023-07-21,35.0,17.3,2023-07-27,34.0,17.3,7,1218,2023-07-21,2023-08-04,15
1158,2023-08-05,106.0,224.1,2023-08-22,101.0,200.5,18,1218,2023-08-05,2023-08-22,18
1175,2023-08-05,39.0,17.3,2023-08-11,34.0,17.3,7,1218,2023-08-05,2023-08-22,18
1158,2023-08-23,101.0,202.9,2023-09-09,103.0,184.4,18,1218,2023-08-23,2023-09-09,18
1175,2023-08-23,33.0,17.3,2023-08-29,32.0,17.3,7,1218,2023-08-23,2023-09-09,18
1158,2023-09-10,103.0,183.6,2023-09-27,103.0,169.6,18,1218,2023-09-10,2023-09-27,18
1175,2023-09-10,28.0,17.3,2023-09-16,26.0,17.3,7,1218,2023-09-10,2023-09-27,18
1158,2023-09-28,102.0,169.2,2023-10-27,112.0,160.1,30,1218,2023-09-28,2023-11-05,39
1175,2023-09-28,24.0,17.3,2023-10-04,23.0,17.3,7,1218,2023-09-28,2023-11-05,39
1158,2023-11-06,107.0,160.1,2023-11-12,107.0,160.1,7,1218,2023-11-06,2023-12-29,54
1175,2023-11-06,28.0,17.3,2023-11-12,28.0,17.3,7,1218,2023-11-06,2023-12-29,54
1158,2023-12-30,151.0,41.4,2024-01-05,134.0,38.6,7,1218,2023-12-30,2024-01-19,21
1175,2023-12-30,32.0,17.3,2024-01-05,33.0,17.3,7,1218,2023-12-30,2024-01-19,21
1158,2024-01-20,123.0,34.2,2024-01-26,118.0,32.7,7,1218,2024-01-20,2024-01-29,10
1175,2024-01-20,34.0,17.3,2024-01-26,33.0,17.3,7,1218,2024-01-20,2024-01-29,10
1158,2024-01-30,116.0,31.8,2024-02-05,113.0,31.1,7,1218,2024-01-30,2024-08-19,203
1175,2024-01-30,33.0,17.3,2024-02-05,33.0,17.3,7,1218,2024-01-30,2024-08-19,203
1158,2024-08-20,96.0,25.7,2024-08-26,96.0,25.7,7,1218,2024-08-20,2024-09-27,39
1175,2024-08-20,24.0,17.1,2024-08-26,21.0,17.1,7,1218,2024-08-20,2024-09-27,39
1158,2024-09-28,87.0,29.9,2024-10-04,86.0,31.5,7,1218,2024-09-28,2024-10-18,21
1175,2024-09-28,21.0,17.0,2024-10-04,26.0,17.7,7,1218,2024-09-28,2024-10-18,21
1158,2024-10-19,84.0,35.6,2024-10-25,82.0,37.5,7,1218,2024-10-19,2024-11-11,24
1175,2024-10-19,26.0,17.6,2024-10-25,26.0,17.4,7,1218,2024-10-19,2024-11-11,24
1158,2024-11-12,0.0,0.0,2024-12-08,70.0,41.9,27,1218,2024-11-12,2024-12-08,27
1175,2024-11-12,27.0,17.9,2024-11-18,27.0,18.0,7,1218,2024-11-12,2024-12-08,27
1158,2024-12-09,70.0,41.9,2024-12-15,70.0,41.9,7,1218,2024-12-09,2025-01-02,25
1175,2024-12-09,27.0,17.9,2024-12-15,25.0,17.5,7,1218,2024-12-09,2025-01-02,25
1158,2025-01-03,72.0,41.9,2025-01-09,70.0,41.9,7,1218,2025-01-03,2025-02-22,51
1175,2025-01-03,26.0,17.1,2025-01-09,25.0,17.5,7,1218,2025-01-03,2025-02-22,51
1158,2025-02-23,63.0,41.9,2025-03-01,59.0,41.9,7,1218,2025-02-23,2025-03-25,31
1175,2025-02-23,25.0,31.0,2025-03-01,25.0,30.0,7,1218,2025-02-23,2025-03-25,31
1158,2025-03-26,45.0,41.9,2025-04-01,40.0,41.9,7,1218,2025-03-26,2025-04-04,10
1175,2025-03-26,22.0,44.0,2025-04-04,25.0,31.0,10,1218,2025-03-26,2025-04-04,10
1158,2025-04-05,36.0,41.9,2025-04-11,32.0,41.9,7,1218,2025-04-05,2025-05-01,27
1175,2025-04-05,29.0,24.0,2025-05-01,25.0,23.0,27,1218,2025-04-05,2025-05-01,27
1175,2023-08-04,40.0,17.3,2023-08-10,34.0,17.3,7,1220,2023-08-04,2023-08-14,11
1175,2023-08-15,33.0,17.3,2023-08-21,33.0,17.3,7,1220,2023-08-15,2024-01-10,149
1175,2024-01-11,33.0,17.3,2024-01-17,33.0,17.3,7,1220,2024-01-11,2024-01-19,9
1175,2024-01-20,34.0,17.3,2024-01-26,33.0,17.3,7,1220,2024-01-20,2024-02-05,17
1175,2024-02-06,34.0,17.3,2024-02-12,35.0,17.3,7,1220,2024-02-06,2024-04-07,62
1175,2024-04-08,31.0,17.3,2024-04-14,32.0,17.3,7,1220,2024-04-08,2024-04-21,14
1175,2024-04-22,32.0,17.3,2024-04-28,29.0,17.3,7,1220,2024-04-22,2024-06-30,70
1175,2024-07-01,26.0,16.6,2024-07-07,26.0,16.0,7,1220,2024-07-01,2024-08-18,49
1175,2024-08-19,24.0,17.4,2024-08-25,21.0,16.8,7,1220,2024-08-19,2025-01-13,148
1175,2025-01-14,25.0,17.2,2025-01-20,24.0,17.2,7,1220,2025-01-14,2025-01-30,17
1175,2025-01-31,24.0,17.2,2025-02-06,23.0,17.3,7,1220,2025-01-31,2025-04-04,64
1175,2025-04-05,29.0,24.0,2025-04-12,23.0,30.0,8,1220,2025-04-05,2025-04-12,8
1175,2025-04-13,22.0,30.0,2025-04-19,23.0,30.0,7,1220,2025-04-13,2025-05-01,19
1158,2023-07-20,96.0,295.5,2023-08-01,119.0,233.8,13,1176,2023-07-20,2023-08-01,13
1175,2023-07-20,42.0,17.3,2023-07-26,33.0,17.3,7,1176,2023-07-20,2023-08-01,13
1158,2023-08-02,113.0,231.3,2023-08-12,111.0,211.5,11,1176,2023-08-02,2023-08-12,11
1175,2023-08-02,33.0,17.3,2023-08-08,35.0,17.3,7,1176,2023-08-02,2023-08-12,11
1158,2023-08-13,100.0,210.0,2023-09-11,104.0,182.7,30,1176,2023-08-13,2023-09-19,38
1175,2023-08-13,33.0,17.3,2023-08-19,35.0,17.3,7,1176,2023-08-13,2023-09-19,38
1158,2023-09-20,105.0,174.4,2023-10-02,104.0,167.3,13,1176,2023-09-20,2023-10-02,13
1175,2023-09-20,27.0,17.3,2023-09-26,22.0,17.3,7,1176,2023-09-20,2023-10-02,13
1158,2023-10-03,106.0,165.0,2023-10-14,103.0,160.1,12,1176,2023-10-03,2023-10-14,12
1175,2023-10-03,25.0,17.3,2023-10-09,24.0,17.3,7,1176,2023-10-03,2023-10-14,12
1158,2023-10-15,102.0,160.1,2023-10-21,107.0,160.1,7,1176,2023-10-15,2023-10-25,11
1175,2023-10-15,19.0,17.3,2023-10-21,26.0,17.3,7,1176,2023-10-15,2023-10-25,11
1158,2023-10-26,80.0,160.1,2023-11-01,109.0,160.1,7,1176,2023-10-26,2023-11-12,18
1175,2023-10-26,26.0,17.3,2023-11-01,28.0,17.3,7,1176,2023-10-26,2023-11-12,18
1158,2023-11-13,106.0,160.1,2023-11-19,106.0,162.6,7,1176,2023-11-13,2023-11-20,8
1175,2023-11-13,28.0,17.3,2023-11-19,29.0,17.3,7,1176,2023-11-13,2023-11-20,8
1158,2023-11-21,106.0,164.3,2023-12-20,75.0,188.2,30,1176,2023-11-21,2024-01-01,42
1175,2023-11-21,30.0,17.3,2023-11-27,31.0,17.3,7,1176,2023-11-21,2024-01-01,42
1158,2024-01-02,142.0,39.6,2024-01-08,131.0,37.7,7,1176,2024-01-02,2024-02-01,31
1175,2024-01-02,33.0,17.3,2024-01-08,33.0,17.3,7,1176,2024-01-02,2024-02-01,31
1158,2024-02-02,112.0,31.9,2024-02-08,110.0,30.7,7,1176,2024-02-02,2024-03-01,29
1175,2024-02-02,33.0,17.3,2024-02-08,34.0,17.3,7,1176,2024-02-02,2024-03-01,29
1158,2024-03-02,105.0,29.0,2024-03-08,102.0,28.8,7,1176,2024-03-02,2024-03-09,8
1175,2024-03-02,33.0,17.3,2024-03-08,32.0,17.3,7,1176,2024-03-02,2024-03-09,8
1158,2024-03-10,104.0,29.0,2024-03-16,105.0,28.9,7,1176,2024-03-10,2024-03-21,12
1175,2024-03-10,33.0,17.3,2024-03-16,32.0,17.3,7,1176,2024-03-10,2024-03-21,12
1158,2024-03-22,99.0,28.9,2024-03-28,96.0,29.1,7,1176,2024-03-22,2024-04-14,24
1175,2024-03-22,32.0,17.3,2024-03-28,33.0,17.3,7,1176,2024-03-22,2024-04-14,24
1158,2024-04-15,0.0,0.0,2024-05-14,108.0,61.0,30,1176,2024-04-15,2024-06-27,74
1175,2024-04-15,34.0,17.3,2024-04-21,32.0,17.3,7,1176,2024-04-15,2024-06-27,74
1158,2024-06-28,106.0,36.9,2024-07-09,108.0,28.9,12,1176,2024-06-28,2024-07-09,12
1175,2024-06-28,26.0,16.5,2024-07-04,26.0,16.2,7,1176,2024-06-28,2024-07-09,12
1158,2024-07-10,111.0,28.6,2024-07-16,102.0,27.3,7,1176,2024-07-10,2024-11-12,126
1175,2024-07-10,25.0,15.9,2024-07-16,25.0,16.3,7,1176,2024-07-10,2024-11-12,126
1158,2024-11-13,0.0,0.0,2024-11-26,76.0,41.9,14,1176,2024-11-13,2024-11-26,14
1175,2024-11-13,27.0,17.9,2024-11-19,27.0,18.0,7,1176,2024-11-13,2024-11-26,14
1158,2024-11-27,69.0,41.9,2024-12-03,70.0,41.9,7,1176,2024-11-27,2025-05-01,156
1175,2024-11-27,31.0,18.0,2024-12-03,26.0,17.7,7,1176,2024-11-27,2025-05-01,156
1321,2023-07-09,113.0,130.0,2023-07-15,112.0,130.0,7,1311,2023-07-09,2023-08-21,44
1335,2023-07-09,134.0,30.8,2023-07-15,140.0,29.7,7,1311,2023-07-09,2023-08-21,44
1321,2023-08-22,113.0,130.0,2023-08-28,112.0,130.0,7,1311,2023-08-22,2023-09-03,13
1335,2023-08-22,136.0,41.8,2023-08-28,137.0,41.8,7,1311,2023-08-22,2023-09-03,13
1321,2023-09-04,112.0,130.0,2023-09-10,112.0,130.0,7,1311,2023-09-04,2023-09-11,8
1335,2023-09-04,0.0,0.0,2023-09-11,98.0,105.8,8,1311,2023-09-04,2023-09-11,8
1321,2023-09-12,112.0,130.0,2023-09-18,111.0,130.0,7,1311,2023-09-12,2023-11-11,61
1335,2023-09-12,136.0,90.0,2023-10-11,153.0,35.5,30,1311,2023-09-12,2023-11-11,61
1321,2023-11-12,108.0,130.0,2023-11-18,108.0,130.0,7,1311,2023-11-12,2023-12-22,41
1335,2023-11-12,152.0,31.2,2023-11-18,151.0,31.2,7,1311,2023-11-12,2023-12-22,41
1321,2023-12-23,107.0,130.0,2023-12-29,106.0,130.0,7,1311,2023-12-23,2024-03-13,82
1335,2023-12-23,145.0,34.3,2023-12-29,146.0,34.4,7,1311,2023-12-23,2024-03-13,82
1321,2024-03-14,0.0,0.0,2024-04-07,172.0,76.4,25,1311,2024-03-14,2024-04-07,25
1335,2024-03-14,144.0,35.6,2024-03-20,141.0,35.6,7,1311,2024-03-14,2024-04-07,25
1321,2024-04-08,173.0,75.6,2024-05-07,158.0,58.9,30,1311,2024-04-08,2024-09-03,149
1335,2024-04-08,138.0,38.9,2024-04-14,141.0,38.9,7,1311,2024-04-08,2024-09-03,149
1321,2024-09-04,162.0,78.5,2024-10-03,154.0,57.0,30,1311,2024-09-04,2025-03-19,197
1335,2024-09-04,143.0,34.6,2024-09-10,143.0,34.0,7,1311,2024-09-04,2025-03-19,197
1321,2025-03-20,114.0,32.1,2025-03-26,123.0,31.9,7,1311,2025-03-20,2025-04-21,33
1335,2025-03-20,143.0,27.7,2025-03-26,144.0,27.7,7,1311,2025-03-20,2025-04-21,33
1321,2025-04-22,141.0,31.0,2025-04-28,141.0,30.4,7,1311,2025-04-22,2025-05-01,10
1335,2025-04-22,143.0,27.7,2025-04-28,143.0,27.7,7,1311,2025-04-22,2025-05-01,10
1321,2023-07-27,117.0,130.0,2023-08-02,115.0,130.0,7,1329,2023-07-27,2023-08-21,26
1335,2023-07-27,140.0,50.0,2023-08-21,135.0,41.8,26,1329,2023-07-27,2023-08-21,26
1321,2023-08-22,113.0,130.0,2023-08-28,112.0,130.0,7,1329,2023-08-22,2023-09-12,22
1335,2023-08-22,136.0,41.8,2023-08-28,137.0,41.8,7,1329,2023-08-22,2023-09-12,22
1321,2023-09-13,112.0,130.0,2023-09-19,110.0,130.0,7,1329,2023-09-13,2023-11-22,71
1335,2023-09-13,143.0,80.0,2023-10-12,153.0,35.4,30,1329,2023-09-13,2023-11-22,71
1321,2023-11-23,108.0,130.0,2023-11-29,108.0,130.0,7,1329,2023-11-23,2024-03-13,112
1335,2023-11-23,151.0,30.9,2023-11-29,150.0,31.1,7,1329,2023-11-23,2024-03-13,112
1321,2024-03-14,0.0,0.0,2024-04-12,171.0,72.8,30,1329,2024-03-14,2024-05-04,52
1335,2024-03-14,144.0,35.6,2024-03-20,141.0,35.6,7,1329,2024-03-14,2024-05-04,52
1321,2024-05-05,167.0,59.9,2024-05-29,163.0,51.8,25,1329,2024-05-05,2024-05-29,25
1335,2024-05-05,145.0,38.9,2024-05-11,144.0,38.9,7,1329,2024-05-05,2024-05-29,25
1321,2024-05-30,163.0,51.5,2024-06-05,158.0,49.9,7,1329,2024-05-30,2024-12-14,199
1335,2024-05-30,146.0,38.9,2024-06-05,144.0,38.9,7,1329,2024-05-30,2024-12-14,199
1321,2024-12-15,150.0,38.1,2024-12-21,149.0,37.0,7,1329,2024-12-15,2024-12-28,14
1335,2024-12-15,143.0,31.2,2024-12-21,144.0,30.1,7,1329,2024-12-15,2024-12-28,14
1321,2024-12-29,148.0,36.0,2025-01-04,146.0,35.1,7,1329,2024-12-29,2025-01-17,20
1335,2024-12-29,147.0,29.4,2025-01-04,146.0,29.1,7,1329,2024-12-29,2025-01-17,20
1321,2025-01-18,148.0,33.7,2025-01-24,147.0,33.0,7,1329,2025-01-18,2025-02-21,35
1335,2025-01-18,144.0,29.2,2025-01-24,145.0,28.5,7,1329,2025-01-18,2025-02-21,35
1321,2025-02-22,143.0,32.0,2025-02-28,142.0,32.0,7,1329,2025-02-22,2025-03-07,14
1335,2025-02-22,146.0,27.8,2025-02-28,145.0,28.5,7,1329,2025-02-22,2025-03-07,14
1321,2025-03-08,142.0,32.0,2025-03-14,141.0,32.0,7,1329,2025-03-08,2025-03-21,14
1335,2025-03-08,145.0,28.3,2025-03-14,144.0,27.6,7,1329,2025-03-08,2025-03-21,14
1321,2025-03-22,120.0,32.0,2025-03-28,129.0,31.6,7,1329,2025-03-22,2025-04-07,17
1335,2025-03-22,143.0,27.7,2025-03-28,143.0,27.7,7,1329,2025-03-22,2025-04-07,17
1321,2025-04-08,141.0,31.0,2025-04-14,141.0,31.0,7,1329,2025-04-08,2025-04-16,9
1335,2025-04-08,142.0,27.7,2025-04-14,142.0,27.7,7,1329,2025-04-08,2025-04-16,9
1321,2025-04-17,141.0,31.0,2025-04-23,141.0,31.0,7,1329,2025-04-17,2025-05-01,15
1335,2025-04-17,141.0,27.7,2025-04-23,143.0,27.7,7,1329,2025-04-17,2025-05-01,15
1321,2023-07-02,112.0,130.0,2023-07-08,113.0,130.0,7,1325,2023-07-02,2023-07-17,16
1335,2023-07-02,138.0,32.0,2023-07-08,139.0,30.9,7,1325,2023-07-02,2023-07-17,16
1321,2023-07-18,111.0,130.0,2023-07-24,111.0,130.0,7,1325,2023-07-18,2023-07-28,11
1335,2023-07-18,140.0,29.6,2023-07-24,140.0,29.3,7,1325,2023-07-18,2023-07-28,11
1321,2023-07-29,116.0,130.0,2023-08-04,115.0,130.0,7,1325,2023-07-29,2023-08-21,24
1335,2023-07-29,140.0,44.4,2023-08-04,138.0,42.9,7,1325,2023-07-29,2023-08-21,24
1321,2023-08-22,113.0,130.0,2023-08-28,112.0,130.0,7,1325,2023-08-22,2023-09-03,13
1335,2023-08-22,136.0,41.8,2023-08-28,137.0,41.8,7,1325,2023-08-22,2023-09-03,13
1321,2023-09-04,112.0,130.0,2023-09-10,112.0,130.0,7,1325,2023-09-04,2023-09-28,25
1335,2023-09-04,0.0,0.0,2023-09-28,148.0,42.7,25,1325,2023-09-04,2023-09-28,25
1321,2023-09-29,111.0,130.0,2023-10-05,111.0,130.0,7,1325,2023-09-29,2024-01-21,115
1335,2023-09-29,150.0,41.8,2023-10-28,152.0,32.4,30,1325,2023-09-29,2024-01-21,115
1321,2024-01-22,109.0,130.0,2024-01-28,108.0,130.0,7,1325,2024-01-22,2024-03-05,44
1335,2024-01-22,142.0,35.3,2024-01-28,143.0,35.6,7,1325,2024-01-22,2024-03-05,44
1321,2024-03-06,86.0,130.0,2024-03-12,81.0,130.0,7,1325,2024-03-06,2024-08-08,156
1335,2024-03-06,140.0,35.6,2024-03-12,142.0,35.6,7,1325,2024-03-06,2024-08-08,156
1321,2024-08-09,187.0,67.0,2024-08-15,187.0,68.0,7,1325,2024-08-09,2024-10-08,61
1335,2024-08-09,144.0,36.2,2024-09-07,150.0,34.3,30,1325,2024-08-09,2024-10-08,61
1321,2024-10-09,150.0,55.0,2024-10-15,150.0,53.1,7,1325,2024-10-09,2025-05-01,205
1335,2024-10-09,143.0,32.8,2024-10-15,143.0,32.4,7,1325,2024-10-09,2025-05-01,205
1321,2023-07-29,116.0,130.0,2023-08-04,115.0,130.0,7,1344,2023-07-29,2023-08-11,14
1335,2023-07-29,140.0,44.4,2023-08-04,138.0,42.9,7,1344,2023-07-29,2023-08-11,14
1321,2023-08-12,114.0,130.0,2023-08-18,113.0,130.0,7,1344,2023-08-12,2023-09-04,24
1335,2023-08-12,136.0,41.8,2023-08-18,135.0,41.8,7,1344,2023-08-12,2023-09-04,24
1321,2023-09-05,112.0,130.0,2023-09-11,112.0,130.0,7,1344,2023-09-05,2023-09-13,9
1335,2023-09-05,0.0,0.0,2023-09-13,143.0,80.0,9,1344,2023-09-05,2023-09-13,9
1321,2023-09-14,112.0,130.0,2023-09-20,111.0,130.0,7,1344,2023-09-14,2024-06-02,263
1335,2023-09-14,149.0,68.5,2023-10-13,153.0,35.2,30,1344,2023-09-14,2024-06-02,263
1321,2024-06-03,159.0,50.4,2024-06-09,157.0,48.8,7,1344,2024-06-03,2024-10-09,129
1335,2024-06-03,144.0,38.9,2024-06-09,144.0,38.9,7,1344,2024-06-03,2024-10-09,129
1321,2024-10-10,150.0,55.0,2024-10-16,150.0,53.0,7,1344,2024-10-10,2025-03-27,169
1335,2024-10-10,144.0,33.0,2024-10-16,142.0,32.5,7,1344,2024-10-10,2025-03-27,169
1321,2025-03-28,129.0,31.6,2025-04-03,141.0,31.0,7,1344,2025-03-28,2025-05-01,35
1335,2025-03-28,143.0,27.7,2025-04-03,144.0,27.7,7,1344,2025-03-28,2025-05-01,35
1335,2023-12-23,145.0,34.3,2023-12-29,146.0,34.4,7,1346,2023-12-23,2024-01-11,20
1335,2024-01-12,145.0,35.6,2024-01-18,145.0,35.4,7,1346,2024-01-12,2024-01-22,11
1335,2024-01-23,142.0,35.2,2024-01-29,145.0,35.6,7,1346,2024-01-23,2024-03-05,43
1335,2024-03-06,140.0,35.6,2024-03-12,142.0,35.6,7,1346,2024-03-06,2024-07-08,125
1335,2024-07-09,145.0,41.6,2024-08-07,142.0,36.0,30,1346,2024-07-09,2024-09-04,58
1335,2024-09-05,143.0,34.4,2024-09-11,146.0,34.1,7,1346,2024-09-05,2024-09-12,8
1335,2024-09-13,144.0,34.1,2024-09-19,142.0,33.6,7,1346,2024-09-13,2025-04-17,217
1335,2025-04-18,142.0,27.7,2025-04-24,143.0,27.7,7,1346,2025-04-18,2025-05-01,14
1430,2023-08-06,24.0,30.4,2023-08-12,24.0,30.4,7,1447,2023-08-06,2023-10-05,61
1446,2023-08-06,10.0,277.0,2023-08-12,12.0,277.0,7,1447,2023-08-06,2023-10-05,61
5505,2023-08-06,38.0,21.5,2023-08-12,38.0,21.4,7,1447,2023-08-06,2023-10-05,61
1430,2023-10-06,24.0,32.0,2023-10-12,23.0,32.4,7,1447,2023-10-06,2024-06-03,242
1446,2023-10-06,9.0,277.0,2023-10-12,11.0,277.0,7,1447,2023-10-06,2024-06-03,242
5505,2023-10-06,37.0,22.1,2023-10-12,34.0,22.1,7,1447,2023-10-06,2024-06-03,242
1430,2024-06-04,24.0,24.0,2024-06-10,23.0,23.0,7,1447,2024-06-04,2024-10-07,126
1446,2024-06-04,0.0,0.0,2024-06-10,0.0,0.0,7,1447,2024-06-04,2024-10-07,126
5505,2024-06-04,64.0,25.0,2024-07-03,47.0,15.0,30,1447,2024-06-04,2024-10-07,126
1430,2024-10-08,22.0,32.0,2024-10-14,25.0,34.0,7,1447,2024-10-08,2025-03-06,150
1446,2024-10-08,59.0,60.1,2024-11-06,52.0,56.9,30,1447,2024-10-08,2025-03-06,150
5505,2024-10-08,37.0,32.0,2024-10-14,37.0,33.0,7,1447,2024-10-08,2025-03-06,150
1430,2025-03-07,25.0,30.0,2025-03-13,25.0,30.0,7,1447,2025-03-07,2025-05-01,56
1446,2025-03-07,51.0,42.7,2025-03-13,51.0,41.6,7,1447,2025-03-07,2025-05-01,56
5505,2025-03-07,36.0,34.0,2025-03-13,38.0,34.0,7,1447,2025-03-07,2025-05-01,56
1430,2023-08-01,24.0,29.9,2023-08-07,24.0,30.2,7,1459,2023-08-01,2023-10-01,62
1446,2023-08-01,12.0,277.0,2023-08-07,13.0,277.0,7,1459,2023-08-01,2023-10-01,62
5505,2023-08-01,37.0,21.4,2023-08-07,38.0,21.5,7,1459,2023-08-01,2023-10-01,62
1430,2023-10-02,24.0,32.0,2023-10-08,24.0,32.2,7,1459,2023-10-02,2023-11-27,57
1446,2023-10-02,6.0,277.0,2023-10-08,12.0,277.0,7,1459,2023-10-02,2023-11-27,57
5505,2023-10-02,32.0,21.6,2023-10-08,40.0,22.0,7,1459,2023-10-02,2023-11-27,57
1430,2023-11-28,21.0,37.5,2023-12-04,21.0,38.5,7,1459,2023-11-28,2023-12-05,8
1446,2023-11-28,16.0,277.0,2023-12-04,10.0,277.0,7,1459,2023-11-28,2023-12-05,8
5505,2023-11-28,35.0,23.5,2023-12-04,35.0,23.5,7,1459,2023-11-28,2023-12-05,8
1430,2023-12-06,21.0,39.4,2024-01-04,28.0,32.9,30,1459,2023-12-06,2024-02-16,73
1446,2023-12-06,9.0,277.0,2023-12-12,8.0,277.0,7,1459,2023-12-06,2024-02-16,73
5505,2023-12-06,36.0,23.5,2023-12-12,34.0,23.5,7,1459,2023-12-06,2024-02-16,73
1430,2024-02-17,28.0,34.0,2024-03-13,24.0,30.0,26,1459,2024-02-17,2024-03-13,26
1446,2024-02-17,0.0,0.0,2024-02-23,0.0,0.0,7,1459,2024-02-17,2024-03-13,26
5505,2024-02-17,35.0,22.0,2024-02-23,32.0,22.0,7,1459,2024-02-17,2024-03-13,26
1430,2024-03-14,24.0,28.0,2024-03-20,24.0,26.0,7,1459,2024-03-14,2024-04-10,28
1446,2024-03-14,0.0,0.0,2024-03-20,0.0,0.0,7,1459,2024-03-14,2024-04-10,28
5505,2024-03-14,25.0,24.0,2024-03-20,31.0,24.0,7,1459,2024-03-14,2024-04-10,28
1430,2024-04-11,20.0,33.0,2024-04-17,20.0,34.0,7,1459,2024-04-11,2024-04-25,15
1446,2024-04-11,0.0,0.0,2024-04-17,0.0,0.0,7,1459,2024-04-11,2024-04-25,15
5505,2024-04-11,0.0,0.0,2024-04-17,0.0,0.0,7,1459,2024-04-11,2024-04-25,15
1430,2024-04-26,17.0,34.0,2024-05-02,20.0,34.0,7,1459,2024-04-26,2024-05-02,7
1446,2024-04-26,0.0,0.0,2024-05-02,0.0,0.0,7,1459,2024-04-26,2024-05-02,7
5505,2024-04-26,0.0,0.0,2024-05-02,0.0,0.0,7,1459,2024-04-26,2024-05-02,7
1430,2024-05-03,20.0,34.0,2024-05-09,19.0,34.0,7,1459,2024-05-03,2024-05-25,23
1446,2024-05-03,0.0,0.0,2024-05-09,0.0,0.0,7,1459,2024-05-03,2024-05-25,23
5505,2024-05-03,0.0,0.0,2024-05-09,0.0,0.0,7,1459,2024-05-03,2024-05-25,23
1430,2024-05-26,24.0,26.0,2024-06-01,23.0,25.0,7,1459,2024-05-26,2024-06-06,12
1446,2024-05-26,0.0,0.0,2024-06-01,0.0,0.0,7,1459,2024-05-26,2024-06-06,12
5505,2024-05-26,96.0,34.3,2024-06-06,57.0,25.0,12,1459,2024-05-26,2024-06-06,12
1430,2024-06-07,24.0,24.0,2024-06-13,23.0,23.0,7,1459,2024-06-07,2024-09-13,99
1446,2024-06-07,0.0,0.0,2024-06-13,0.0,0.0,7,1459,2024-06-07,2024-09-13,99
5505,2024-06-07,56.0,24.0,2024-07-06,36.0,20.0,30,1459,2024-06-07,2024-09-13,99
1430,2024-09-14,20.0,33.0,2024-09-30,22.0,30.0,17,1459,2024-09-14,2024-09-30,17
1446,2024-09-14,104.0,104.7,2024-09-30,62.0,61.2,17,1459,2024-09-14,2024-09-30,17
5505,2024-09-14,31.0,32.0,2024-09-20,34.0,32.0,7,1459,2024-09-14,2024-09-30,17
1430,2024-10-01,22.0,30.0,2024-10-07,22.0,31.0,7,1459,2024-10-01,2024-12-08,69
1446,2024-10-01,64.0,58.0,2024-10-30,52.0,58.6,30,1459,2024-10-01,2024-12-08,69
5505,2024-10-01,34.0,32.0,2024-10-07,34.0,32.0,7,1459,2024-10-01,2024-12-08,69
1430,2024-12-09,24.0,33.0,2024-12-15,25.0,33.0,7,1459,2024-12-09,2025-01-02,25
1446,2024-12-09,47.0,55.6,2024-12-15,47.0,56.7,7,1459,2024-12-09,2025-01-02,25
5505,2024-12-09,30.0,48.0,2024-12-15,34.0,48.0,7,1459,2024-12-09,2025-01-02,25
1430,2025-01-03,25.0,33.0,2025-01-09,24.0,33.0,7,1459,2025-01-03,2025-01-17,15
1446,2025-01-03,50.0,121.8,2025-01-17,75.0,63.0,15,1459,2025-01-03,2025-01-17,15
5505,2025-01-03,34.0,45.6,2025-01-17,52.0,34.0,15,1459,2025-01-03,2025-01-17,15
1430,2025-01-18,25.0,33.0,2025-01-24,24.0,33.0,7,1459,2025-01-18,2025-05-01,104
1446,2025-01-18,71.0,59.9,2025-02-16,53.0,41.7,30,1459,2025-01-18,2025-05-01,104
5505,2025-01-18,56.0,34.0,2025-01-24,53.0,34.0,7,1459,2025-01-18,2025-05-01,104
